,box,data_file,date,session_start,session_end,bird,session,med_notation_file,event_key,time_sec_100,event,session_time_sec
0,6,p510_s74_japede,09/09/17,16:53:09,17:53:42,p510,s74,japede_L_30_30_30_R_90_90_90,010,0,session_start,0.0
1,6,p510_s74_japede,09/09/17,16:53:09,17:53:42,p510,s74,japede_L_30_30_30_R_90_90_90,250,0,chamber_light_on,0.0
2,6,p510_s74_japede,09/09/17,16:53:09,17:53:42,p510,s74,japede_L_30_30_30_R_90_90_90,220,0,left_light_on,0.0
3,6,p510_s74_japede,09/09/17,16:53:09,17:53:42,p510,s74,japede_L_30_30_30_R_90_90_90,230,0,right_light_on,0.0
4,6,p510_s74_japede,09/09/17,16:53:09,17:53:42,p510,s74,japede_L_30_30_30_R_90_90_90,740,1299,reinforcer_scheduled_left,12.99
5,6,p510_s74_japede,09/09/17,16:53:09,17:53:42,p510,s74,japede_L_30_30_30_R_90_90_90,540,1492,feeder_on_left,14.92
6,6,p510_s74_japede,09/09/17,16:53:09,17:53:42,p510,s74,japede_L_30_30_30_R_90_90_90,320,1492,left_light_off,14.92
7,6,p510_s74_japede,09/09/17,16:53:09,17:53:42,p510,s74,japede_L_30_30_30_R_90_90_90,330,1492,right_light_off,14.92
8,6,p510_s74_japede,09/09/17,16:53:09,17:53:42,p510,s74,japede_L_30_30_30_R_90_90_90,350,1492,chamber_light_off,14.92
9,6,p510_s74_japede,09/09/17,16:53:09,17:53:42,p510,s74,japede_L_30_30_30_R_90_90_90,240,1492,feeder_on,14.92
10,6,p510_s74_japede,09/09/17,16:53:09,17:53:42,p510,s74,japede_L_30_30_30_R_90_90_90,120,1492,response_left_key,14.92
11,6,p510_s74_japede,09/09/17,16:53:09,17:53:42,p510,s74,japede_L_30_30_30_R_90_90_90,120,1500,response_left_key,15.0
12,6,p510_s74_japede,09/09/17,16:53:09,17:53:42,p510,s74,japede_L_30_30_30_R_90_90_90,220,1742,left_light_on,17.42
13,6,p510_s74_japede,09/09/17,16:53:09,17:53:42,p510,s74,japede_L_30_30_30_R_90_90_90,230,1742,right_light_on,17.42
14,6,p510_s74_japede,09/09/17,16:53:09,17:53:42,p510,s74,japede_L_30_30_30_R_90_90_90,250,1742,chamber_light_on,17.42
15,6,p510_s74_japede,09/09/17,16:53:09,17:53:42,p510,s74,japede_L_30_30_30_R_90_90_90,340,1742,feeder_off,17.42
16,6,p510_s74_japede,09/09/17,16:53:09,17:53:42,p510,s74,japede_L_30_30_30_R_90_90_90,740,2542,reinforcer_scheduled_left,25.42
17,6,p510_s74_japede,09/09/17,16:53:09,17:53:42,p510,s74,japede_L_30_30_30_R_90_90_90,130,3558,response_right_key,35.58
18,6,p510_s74_japede,09/09/17,16:53:09,17:53:42,p510,s74,japede_L_30_30_30_R_90_90_90,540,4648,feeder_on_left,46.48
19,6,p510_s74_japede,09/09/17,16:53:09,17:53:42,p510,s74,japede_L_30_30_30_R_90_90_90,320,4648,left_light_off,46.48
20,6,p510_s74_japede,09/09/17,16:53:09,17:53:42,p510,s74,japede_L_30_30_30_R_90_90_90,330,4648,right_light_off,46.48
21,6,p510_s74_japede,09/09/17,16:53:09,17:53:42,p510,s74,japede_L_30_30_30_R_90_90_90,350,4648,chamber_light_off,46.48
22,6,p510_s74_japede,09/09/17,16:53:09,17:53:42,p510,s74,japede_L_30_30_30_R_90_90_90,240,4648,feeder_on,46.48
23,6,p510_s74_japede,09/09/17,16:53:09,17:53:42,p510,s74,japede_L_30_30_30_R_90_90_90,120,4648,response_left_key,46.48
24,6,p510_s74_japede,09/09/17,16:53:09,17:53:42,p510,s74,japede_L_30_30_30_R_90_90_90,120,4663,response_left_key,46.63
25,6,p510_s74_japede,09/09/17,16:53:09,17:53:42,p510,s74,japede_L_30_30_30_R_90_90_90,220,4898,left_light_on,48.98
26,6,p510_s74_japede,09/09/17,16:53:09,17:53:42,p510,s74,japede_L_30_30_30_R_90_90_90,230,4898,right_light_on,48.98
27,6,p510_s74_japede,09/09/17,16:53:09,17:53:42,p510,s74,japede_L_30_30_30_R_90_90_90,250,4898,chamber_light_on,48.98
28,6,p510_s74_japede,09/09/17,16:53:09,17:53:42,p510,s74,japede_L_30_30_30_R_90_90_90,340,4898,feeder_off,48.98
29,6,p510_s74_japede,09/09/17,16:53:09,17:53:42,p510,s74,japede_L_30_30_30_R_90_90_90,740,5098,reinforcer_scheduled_left,50.98
30,6,p510_s74_japede,09/09/17,16:53:09,17:53:42,p510,s74,japede_L_30_30_30_R_90_90_90,130,5454,response_right_key,54.54
31,6,p510_s74_japede,09/09/17,16:53:09,17:53:42,p510,s74,japede_L_30_30_30_R_90_90_90,540,5571,feeder_on_left,55.71
32,6,p510_s74_japede,09/09/17,16:53:09,17:53:42,p510,s74,japede_L_30_30_30_R_90_90_90,320,5571,left_light_off,55.71
33,6,p510_s74_japede,09/09/17,16:53:09,17:53:42,p510,s74,japede_L_30_30_30_R_90_90_90,330,5571,right_light_off,55.71
34,6,p510_s74_japede,09/09/17,16:53:09,17:53:42,p510,s74,japede_L_30_30_30_R_90_90_90,350,5571,chamber_light_off,55.71
35,6,p510_s74_japede,09/09/17,16:53:09,17:53:42,p510,s74,japede_L_30_30_30_R_90_90_90,240,5571,feeder_on,55.71
36,6,p510_s74_japede,09/09/17,16:53:09,17:53:42,p510,s74,japede_L_30_30_30_R_90_90_90,120,5571,response_left_key,55.71
37,6,p510_s74_japede,09/09/17,16:53:09,17:53:42,p510,s74,japede_L_30_30_30_R_90_90_90,220,5821,left_light_on,58.21
38,6,p510_s74_japede,09/09/17,16:53:09,17:53:42,p510,s74,japede_L_30_30_30_R_90_90_90,230,5821,right_light_on,58.21
39,6,p510_s74_japede,09/09/17,16:53:09,17:53:42,p510,s74,japede_L_30_30_30_R_90_90_90,250,5821,chamber_light_on,58.21
40,6,p510_s74_japede,09/09/17,16:53:09,17:53:42,p510,s74,japede_L_30_30_30_R_90_90_90,340,5821,feeder_off,58.21
41,6,p510_s74_japede,09/09/17,16:53:09,17:53:42,p510,s74,japede_L_30_30_30_R_90_90_90,120,6205,response_left_key,62.05
42,6,p510_s74_japede,09/09/17,16:53:09,17:53:42,p510,s74,japede_L_30_30_30_R_90_90_90,120,6210,response_left_key,62.1
43,6,p510_s74_japede,09/09/17,16:53:09,17:53:42,p510,s74,japede_L_30_30_30_R_90_90_90,120,6301,response_left_key,63.01
44,6,p510_s74_japede,09/09/17,16:53:09,17:53:42,p510,s74,japede_L_30_30_30_R_90_90_90,130,6501,response_right_key,65.01
45,6,p510_s74_japede,09/09/17,16:53:09,17:53:42,p510,s74,japede_L_30_30_30_R_90_90_90,120,6596,response_left_key,65.96
46,6,p510_s74_japede,09/09/17,16:53:09,17:53:42,p510,s74,japede_L_30_30_30_R_90_90_90,120,7038,response_left_key,70.38
47,6,p510_s74_japede,09/09/17,16:53:09,17:53:42,p510,s74,japede_L_30_30_30_R_90_90_90,130,7209,response_right_key,72.09
48,6,p510_s74_japede,09/09/17,16:53:09,17:53:42,p510,s74,japede_L_30_30_30_R_90_90_90,130,7219,response_right_key,72.19
49,6,p510_s74_japede,09/09/17,16:53:09,17:53:42,p510,s74,japede_L_30_30_30_R_90_90_90,130,7322,response_right_key,73.22
50,6,p510_s74_japede,09/09/17,16:53:09,17:53:42,p510,s74,japede_L_30_30_30_R_90_90_90,120,7404,response_left_key,74.04
51,6,p510_s74_japede,09/09/17,16:53:09,17:53:42,p510,s74,japede_L_30_30_30_R_90_90_90,120,7657,response_left_key,76.57
52,6,p510_s74_japede,09/09/17,16:53:09,17:53:42,p510,s74,japede_L_30_30_30_R_90_90_90,120,7774,response_left_key,77.74
53,6,p510_s74_japede,09/09/17,16:53:09,17:53:42,p510,s74,japede_L_30_30_30_R_90_90_90,120,7779,response_left_key,77.79
54,6,p510_s74_japede,09/09/17,16:53:09,17:53:42,p510,s74,japede_L_30_30_30_R_90_90_90,130,7913,response_right_key,79.13
55,6,p510_s74_japede,09/09/17,16:53:09,17:53:42,p510,s74,japede_L_30_30_30_R_90_90_90,130,7918,response_right_key,79.18
56,6,p510_s74_japede,09/09/17,16:53:09,17:53:42,p510,s74,japede_L_30_30_30_R_90_90_90,120,8414,response_left_key,84.14
57,6,p510_s74_japede,09/09/17,16:53:09,17:53:42,p510,s74,japede_L_30_30_30_R_90_90_90,120,8661,response_left_key,86.61
58,6,p510_s74_japede,09/09/17,16:53:09,17:53:42,p510,s74,japede_L_30_30_30_R_90_90_90,120,8785,response_left_key,87.85
59,6,p510_s74_japede,09/09/17,16:53:09,17:53:42,p510,s74,japede_L_30_30_30_R_90_90_90,120,9264,response_left_key,92.64
60,6,p510_s74_japede,09/09/17,16:53:09,17:53:42,p510,s74,japede_L_30_30_30_R_90_90_90,120,9269,response_left_key,92.69
61,6,p510_s74_japede,09/09/17,16:53:09,17:53:42,p510,s74,japede_L_30_30_30_R_90_90_90,130,9528,response_right_key,95.28
62,6,p510_s74_japede,09/09/17,16:53:09,17:53:42,p510,s74,japede_L_30_30_30_R_90_90_90,120,9614,response_left_key,96.14
63,6,p510_s74_japede,09/09/17,16:53:09,17:53:42,p510,s74,japede_L_30_30_30_R_90_90_90,120,9681,response_left_key,96.81
64,6,p510_s74_japede,09/09/17,16:53:09,17:53:42,p510,s74,japede_L_30_30_30_R_90_90_90,120,10190,response_left_key,101.9
65,6,p510_s74_japede,09/09/17,16:53:09,17:53:42,p510,s74,japede_L_30_30_30_R_90_90_90,840,10299,reinforcer_scheduled_right,102.99
66,6,p510_s74_japede,09/09/17,16:53:09,17:53:42,p510,s74,japede_L_30_30_30_R_90_90_90,120,10381,response_left_key,103.81
67,6,p510_s74_japede,09/09/17,16:53:09,17:53:42,p510,s74,japede_L_30_30_30_R_90_90_90,120,11424,response_left_key,114.24
68,6,p510_s74_japede,09/09/17,16:53:09,17:53:42,p510,s74,japede_L_30_30_30_R_90_90_90,640,11746,feeder_on_right,117.46
69,6,p510_s74_japede,09/09/17,16:53:09,17:53:42,p510,s74,japede_L_30_30_30_R_90_90_90,320,11746,left_light_off,117.46
70,6,p510_s74_japede,09/09/17,16:53:09,17:53:42,p510,s74,japede_L_30_30_30_R_90_90_90,330,11746,right_light_off,117.46
71,6,p510_s74_japede,09/09/17,16:53:09,17:53:42,p510,s74,japede_L_30_30_30_R_90_90_90,350,11746,chamber_light_off,117.46
72,6,p510_s74_japede,09/09/17,16:53:09,17:53:42,p510,s74,japede_L_30_30_30_R_90_90_90,240,11746,feeder_on,117.46
73,6,p510_s74_japede,09/09/17,16:53:09,17:53:42,p510,s74,japede_L_30_30_30_R_90_90_90,130,11746,response_right_key,117.46
74,6,p510_s74_japede,09/09/17,16:53:09,17:53:42,p510,s74,japede_L_30_30_30_R_90_90_90,130,11762,response_right_key,117.62
75,6,p510_s74_japede,09/09/17,16:53:09,17:53:42,p510,s74,japede_L_30_30_30_R_90_90_90,220,11996,left_light_on,119.96
76,6,p510_s74_japede,09/09/17,16:53:09,17:53:42,p510,s74,japede_L_30_30_30_R_90_90_90,230,11996,right_light_on,119.96
77,6,p510_s74_japede,09/09/17,16:53:09,17:53:42,p510,s74,japede_L_30_30_30_R_90_90_90,250,11996,chamber_light_on,119.96
78,6,p510_s74_japede,09/09/17,16:53:09,17:53:42,p510,s74,japede_L_30_30_30_R_90_90_90,340,11996,feeder_off,119.96
79,6,p510_s74_japede,09/09/17,16:53:09,17:53:42,p510,s74,japede_L_30_30_30_R_90_90_90,130,12412,response_right_key,124.12
80,6,p510_s74_japede,09/09/17,16:53:09,17:53:42,p510,s74,japede_L_30_30_30_R_90_90_90,120,12529,response_left_key,125.29
81,6,p510_s74_japede,09/09/17,16:53:09,17:53:42,p510,s74,japede_L_30_30_30_R_90_90_90,120,12622,response_left_key,126.22
82,6,p510_s74_japede,09/09/17,16:53:09,17:53:42,p510,s74,japede_L_30_30_30_R_90_90_90,130,12706,response_right_key,127.06
83,6,p510_s74_japede,09/09/17,16:53:09,17:53:42,p510,s74,japede_L_30_30_30_R_90_90_90,130,12710,response_right_key,127.1
84,6,p510_s74_japede,09/09/17,16:53:09,17:53:42,p510,s74,japede_L_30_30_30_R_90_90_90,120,13049,response_left_key,130.49
85,6,p510_s74_japede,09/09/17,16:53:09,17:53:42,p510,s74,japede_L_30_30_30_R_90_90_90,120,13054,response_left_key,130.54
86,6,p510_s74_japede,09/09/17,16:53:09,17:53:42,p510,s74,japede_L_30_30_30_R_90_90_90,120,13109,response_left_key,131.09
87,6,p510_s74_japede,09/09/17,16:53:09,17:53:42,p510,s74,japede_L_30_30_30_R_90_90_90,120,13320,response_left_key,133.2
88,6,p510_s74_japede,09/09/17,16:53:09,17:53:42,p510,s74,japede_L_30_30_30_R_90_90_90,120,13397,response_left_key,133.97
89,6,p510_s74_japede,09/09/17,16:53:09,17:53:42,p510,s74,japede_L_30_30_30_R_90_90_90,130,13482,response_right_key,134.82
90,6,p510_s74_japede,09/09/17,16:53:09,17:53:42,p510,s74,japede_L_30_30_30_R_90_90_90,130,13488,response_right_key,134.88
91,6,p510_s74_japede,09/09/17,16:53:09,17:53:42,p510,s74,japede_L_30_30_30_R_90_90_90,120,13603,response_left_key,136.03
92,6,p510_s74_japede,09/09/17,16:53:09,17:53:42,p510,s74,japede_L_30_30_30_R_90_90_90,130,13852,response_right_key,138.52
93,6,p510_s74_japede,09/09/17,16:53:09,17:53:42,p510,s74,japede_L_30_30_30_R_90_90_90,120,14039,response_left_key,140.39
94,6,p510_s74_japede,09/09/17,16:53:09,17:53:42,p510,s74,japede_L_30_30_30_R_90_90_90,120,14785,response_left_key,147.85
95,6,p510_s74_japede,09/09/17,16:53:09,17:53:42,p510,s74,japede_L_30_30_30_R_90_90_90,120,15043,response_left_key,150.43
96,6,p510_s74_japede,09/09/17,16:53:09,17:53:42,p510,s74,japede_L_30_30_30_R_90_90_90,120,15334,response_left_key,153.34
97,6,p510_s74_japede,09/09/17,16:53:09,17:53:42,p510,s74,japede_L_30_30_30_R_90_90_90,120,15425,response_left_key,154.25
98,6,p510_s74_japede,09/09/17,16:53:09,17:53:42,p510,s74,japede_L_30_30_30_R_90_90_90,120,15431,response_left_key,154.31
99,6,p510_s74_japede,09/09/17,16:53:09,17:53:42,p510,s74,japede_L_30_30_30_R_90_90_90,130,15541,response_right_key,155.41
100,6,p510_s74_japede,09/09/17,16:53:09,17:53:42,p510,s74,japede_L_30_30_30_R_90_90_90,120,15640,response_left_key,156.4
101,6,p510_s74_japede,09/09/17,16:53:09,17:53:42,p510,s74,japede_L_30_30_30_R_90_90_90,120,15763,response_left_key,157.63
102,6,p510_s74_japede,09/09/17,16:53:09,17:53:42,p510,s74,japede_L_30_30_30_R_90_90_90,740,15821,reinforcer_scheduled_left,158.21
103,6,p510_s74_japede,09/09/17,16:53:09,17:53:42,p510,s74,japede_L_30_30_30_R_90_90_90,130,15849,response_right_key,158.49
104,6,p510_s74_japede,09/09/17,16:53:09,17:53:42,p510,s74,japede_L_30_30_30_R_90_90_90,540,15939,feeder_on_left,159.39
105,6,p510_s74_japede,09/09/17,16:53:09,17:53:42,p510,s74,japede_L_30_30_30_R_90_90_90,320,15939,left_light_off,159.39
106,6,p510_s74_japede,09/09/17,16:53:09,17:53:42,p510,s74,japede_L_30_30_30_R_90_90_90,330,15939,right_light_off,159.39
107,6,p510_s74_japede,09/09/17,16:53:09,17:53:42,p510,s74,japede_L_30_30_30_R_90_90_90,350,15939,chamber_light_off,159.39
108,6,p510_s74_japede,09/09/17,16:53:09,17:53:42,p510,s74,japede_L_30_30_30_R_90_90_90,240,15939,feeder_on,159.39
109,6,p510_s74_japede,09/09/17,16:53:09,17:53:42,p510,s74,japede_L_30_30_30_R_90_90_90,120,15939,response_left_key,159.39
110,6,p510_s74_japede,09/09/17,16:53:09,17:53:42,p510,s74,japede_L_30_30_30_R_90_90_90,120,15957,response_left_key,159.57
111,6,p510_s74_japede,09/09/17,16:53:09,17:53:42,p510,s74,japede_L_30_30_30_R_90_90_90,220,16189,left_light_on,161.89
112,6,p510_s74_japede,09/09/17,16:53:09,17:53:42,p510,s74,japede_L_30_30_30_R_90_90_90,230,16189,right_light_on,161.89
113,6,p510_s74_japede,09/09/17,16:53:09,17:53:42,p510,s74,japede_L_30_30_30_R_90_90_90,250,16189,chamber_light_on,161.89
114,6,p510_s74_japede,09/09/17,16:53:09,17:53:42,p510,s74,japede_L_30_30_30_R_90_90_90,340,16189,feeder_off,161.89
115,6,p510_s74_japede,09/09/17,16:53:09,17:53:42,p510,s74,japede_L_30_30_30_R_90_90_90,120,16822,response_left_key,168.22
116,6,p510_s74_japede,09/09/17,16:53:09,17:53:42,p510,s74,japede_L_30_30_30_R_90_90_90,130,16941,response_right_key,169.41
117,6,p510_s74_japede,09/09/17,16:53:09,17:53:42,p510,s74,japede_L_30_30_30_R_90_90_90,130,16946,response_right_key,169.46
118,6,p510_s74_japede,09/09/17,16:53:09,17:53:42,p510,s74,japede_L_30_30_30_R_90_90_90,120,17226,response_left_key,172.26
119,6,p510_s74_japede,09/09/17,16:53:09,17:53:42,p510,s74,japede_L_30_30_30_R_90_90_90,120,17788,response_left_key,177.88
120,6,p510_s74_japede,09/09/17,16:53:09,17:53:42,p510,s74,japede_L_30_30_30_R_90_90_90,120,17795,response_left_key,177.95
121,6,p510_s74_japede,09/09/17,16:53:09,17:53:42,p510,s74,japede_L_30_30_30_R_90_90_90,130,17985,response_right_key,179.85
122,6,p510_s74_japede,09/09/17,16:53:09,17:53:42,p510,s74,japede_L_30_30_30_R_90_90_90,130,18308,response_right_key,183.08
123,6,p510_s74_japede,09/09/17,16:53:09,17:53:42,p510,s74,japede_L_30_30_30_R_90_90_90,120,18391,response_left_key,183.91
124,6,p510_s74_japede,09/09/17,16:53:09,17:53:42,p510,s74,japede_L_30_30_30_R_90_90_90,130,18573,response_right_key,185.73
125,6,p510_s74_japede,09/09/17,16:53:09,17:53:42,p510,s74,japede_L_30_30_30_R_90_90_90,120,18658,response_left_key,186.58
126,6,p510_s74_japede,09/09/17,16:53:09,17:53:42,p510,s74,japede_L_30_30_30_R_90_90_90,120,18933,response_left_key,189.33
127,6,p510_s74_japede,09/09/17,16:53:09,17:53:42,p510,s74,japede_L_30_30_30_R_90_90_90,840,19596,reinforcer_scheduled_right,195.96
128,6,p510_s74_japede,09/09/17,16:53:09,17:53:42,p510,s74,japede_L_30_30_30_R_90_90_90,120,19662,response_left_key,196.62
129,6,p510_s74_japede,09/09/17,16:53:09,17:53:42,p510,s74,japede_L_30_30_30_R_90_90_90,740,21089,reinforcer_scheduled_left,210.89
130,6,p510_s74_japede,09/09/17,16:53:09,17:53:42,p510,s74,japede_L_30_30_30_R_90_90_90,540,22091,feeder_on_left,220.91
131,6,p510_s74_japede,09/09/17,16:53:09,17:53:42,p510,s74,japede_L_30_30_30_R_90_90_90,320,22091,left_light_off,220.91
132,6,p510_s74_japede,09/09/17,16:53:09,17:53:42,p510,s74,japede_L_30_30_30_R_90_90_90,330,22091,right_light_off,220.91
133,6,p510_s74_japede,09/09/17,16:53:09,17:53:42,p510,s74,japede_L_30_30_30_R_90_90_90,350,22091,chamber_light_off,220.91
134,6,p510_s74_japede,09/09/17,16:53:09,17:53:42,p510,s74,japede_L_30_30_30_R_90_90_90,240,22091,feeder_on,220.91
135,6,p510_s74_japede,09/09/17,16:53:09,17:53:42,p510,s74,japede_L_30_30_30_R_90_90_90,120,22091,response_left_key,220.91
136,6,p510_s74_japede,09/09/17,16:53:09,17:53:42,p510,s74,japede_L_30_30_30_R_90_90_90,220,22341,left_light_on,223.41
137,6,p510_s74_japede,09/09/17,16:53:09,17:53:42,p510,s74,japede_L_30_30_30_R_90_90_90,230,22341,right_light_on,223.41
138,6,p510_s74_japede,09/09/17,16:53:09,17:53:42,p510,s74,japede_L_30_30_30_R_90_90_90,250,22341,chamber_light_on,223.41
139,6,p510_s74_japede,09/09/17,16:53:09,17:53:42,p510,s74,japede_L_30_30_30_R_90_90_90,340,22341,feeder_off,223.41
140,6,p510_s74_japede,09/09/17,16:53:09,17:53:42,p510,s74,japede_L_30_30_30_R_90_90_90,120,22522,response_left_key,225.22
141,6,p510_s74_japede,09/09/17,16:53:09,17:53:42,p510,s74,japede_L_30_30_30_R_90_90_90,120,23582,response_left_key,235.82
142,6,p510_s74_japede,09/09/17,16:53:09,17:53:42,p510,s74,japede_L_30_30_30_R_90_90_90,120,25270,response_left_key,252.7
143,6,p510_s74_japede,09/09/17,16:53:09,17:53:42,p510,s74,japede_L_30_30_30_R_90_90_90,120,25802,response_left_key,258.02
144,6,p510_s74_japede,09/09/17,16:53:09,17:53:42,p510,s74,japede_L_30_30_30_R_90_90_90,120,26249,response_left_key,262.49
145,6,p510_s74_japede,09/09/17,16:53:09,17:53:42,p510,s74,japede_L_30_30_30_R_90_90_90,740,27441,reinforcer_scheduled_left,274.41
146,6,p510_s74_japede,09/09/17,16:53:09,17:53:42,p510,s74,japede_L_30_30_30_R_90_90_90,540,51510,feeder_on_left,515.1
147,6,p510_s74_japede,09/09/17,16:53:09,17:53:42,p510,s74,japede_L_30_30_30_R_90_90_90,320,51510,left_light_off,515.1
148,6,p510_s74_japede,09/09/17,16:53:09,17:53:42,p510,s74,japede_L_30_30_30_R_90_90_90,330,51510,right_light_off,515.1
149,6,p510_s74_japede,09/09/17,16:53:09,17:53:42,p510,s74,japede_L_30_30_30_R_90_90_90,350,51510,chamber_light_off,515.1
150,6,p510_s74_japede,09/09/17,16:53:09,17:53:42,p510,s74,japede_L_30_30_30_R_90_90_90,240,51510,feeder_on,515.1
151,6,p510_s74_japede,09/09/17,16:53:09,17:53:42,p510,s74,japede_L_30_30_30_R_90_90_90,120,51510,response_left_key,515.1
152,6,p510_s74_japede,09/09/17,16:53:09,17:53:42,p510,s74,japede_L_30_30_30_R_90_90_90,220,51760,left_light_on,517.6
153,6,p510_s74_japede,09/09/17,16:53:09,17:53:42,p510,s74,japede_L_30_30_30_R_90_90_90,230,51760,right_light_on,517.6
154,6,p510_s74_japede,09/09/17,16:53:09,17:53:42,p510,s74,japede_L_30_30_30_R_90_90_90,250,51760,chamber_light_on,517.6
155,6,p510_s74_japede,09/09/17,16:53:09,17:53:42,p510,s74,japede_L_30_30_30_R_90_90_90,340,51760,feeder_off,517.6
156,6,p510_s74_japede,09/09/17,16:53:09,17:53:42,p510,s74,japede_L_30_30_30_R_90_90_90,740,52460,reinforcer_scheduled_left,524.6
157,6,p510_s74_japede,09/09/17,16:53:09,17:53:42,p510,s74,japede_L_30_30_30_R_90_90_90,540,58889,feeder_on_left,588.89
158,6,p510_s74_japede,09/09/17,16:53:09,17:53:42,p510,s74,japede_L_30_30_30_R_90_90_90,320,58889,left_light_off,588.89
159,6,p510_s74_japede,09/09/17,16:53:09,17:53:42,p510,s74,japede_L_30_30_30_R_90_90_90,330,58889,right_light_off,588.89
160,6,p510_s74_japede,09/09/17,16:53:09,17:53:42,p510,s74,japede_L_30_30_30_R_90_90_90,350,58889,chamber_light_off,588.89
161,6,p510_s74_japede,09/09/17,16:53:09,17:53:42,p510,s74,japede_L_30_30_30_R_90_90_90,240,58889,feeder_on,588.89
162,6,p510_s74_japede,09/09/17,16:53:09,17:53:42,p510,s74,japede_L_30_30_30_R_90_90_90,120,58889,response_left_key,588.89
163,6,p510_s74_japede,09/09/17,16:53:09,17:53:42,p510,s74,japede_L_30_30_30_R_90_90_90,220,59139,left_light_on,591.39
164,6,p510_s74_japede,09/09/17,16:53:09,17:53:42,p510,s74,japede_L_30_30_30_R_90_90_90,230,59139,right_light_on,591.39
165,6,p510_s74_japede,09/09/17,16:53:09,17:53:42,p510,s74,japede_L_30_30_30_R_90_90_90,250,59139,chamber_light_on,591.39
166,6,p510_s74_japede,09/09/17,16:53:09,17:53:42,p510,s74,japede_L_30_30_30_R_90_90_90,340,59139,feeder_off,591.39
167,6,p510_s74_japede,09/09/17,16:53:09,17:53:42,p510,s74,japede_L_30_30_30_R_90_90_90,740,65839,reinforcer_scheduled_left,658.39
168,6,p510_s74_japede,09/09/17,16:53:09,17:53:42,p510,s74,japede_L_30_30_30_R_90_90_90,540,71692,feeder_on_left,716.92
169,6,p510_s74_japede,09/09/17,16:53:09,17:53:42,p510,s74,japede_L_30_30_30_R_90_90_90,320,71692,left_light_off,716.92
170,6,p510_s74_japede,09/09/17,16:53:09,17:53:42,p510,s74,japede_L_30_30_30_R_90_90_90,330,71692,right_light_off,716.92
171,6,p510_s74_japede,09/09/17,16:53:09,17:53:42,p510,s74,japede_L_30_30_30_R_90_90_90,350,71692,chamber_light_off,716.92
172,6,p510_s74_japede,09/09/17,16:53:09,17:53:42,p510,s74,japede_L_30_30_30_R_90_90_90,240,71692,feeder_on,716.92
173,6,p510_s74_japede,09/09/17,16:53:09,17:53:42,p510,s74,japede_L_30_30_30_R_90_90_90,120,71692,response_left_key,716.92
174,6,p510_s74_japede,09/09/17,16:53:09,17:53:42,p510,s74,japede_L_30_30_30_R_90_90_90,220,71942,left_light_on,719.42
175,6,p510_s74_japede,09/09/17,16:53:09,17:53:42,p510,s74,japede_L_30_30_30_R_90_90_90,230,71942,right_light_on,719.42
176,6,p510_s74_japede,09/09/17,16:53:09,17:53:42,p510,s74,japede_L_30_30_30_R_90_90_90,250,71942,chamber_light_on,719.42
177,6,p510_s74_japede,09/09/17,16:53:09,17:53:42,p510,s74,japede_L_30_30_30_R_90_90_90,340,71942,feeder_off,719.42
178,6,p510_s74_japede,09/09/17,16:53:09,17:53:42,p510,s74,japede_L_30_30_30_R_90_90_90,740,73042,reinforcer_scheduled_left,730.42
179,6,p510_s74_japede,09/09/17,16:53:09,17:53:42,p510,s74,japede_L_30_30_30_R_90_90_90,640,74742,feeder_on_right,747.42
180,6,p510_s74_japede,09/09/17,16:53:09,17:53:42,p510,s74,japede_L_30_30_30_R_90_90_90,320,74742,left_light_off,747.42
181,6,p510_s74_japede,09/09/17,16:53:09,17:53:42,p510,s74,japede_L_30_30_30_R_90_90_90,330,74742,right_light_off,747.42
182,6,p510_s74_japede,09/09/17,16:53:09,17:53:42,p510,s74,japede_L_30_30_30_R_90_90_90,350,74742,chamber_light_off,747.42
183,6,p510_s74_japede,09/09/17,16:53:09,17:53:42,p510,s74,japede_L_30_30_30_R_90_90_90,240,74742,feeder_on,747.42
184,6,p510_s74_japede,09/09/17,16:53:09,17:53:42,p510,s74,japede_L_30_30_30_R_90_90_90,130,74742,response_right_key,747.42
185,6,p510_s74_japede,09/09/17,16:53:09,17:53:42,p510,s74,japede_L_30_30_30_R_90_90_90,220,74992,left_light_on,749.92
186,6,p510_s74_japede,09/09/17,16:53:09,17:53:42,p510,s74,japede_L_30_30_30_R_90_90_90,230,74992,right_light_on,749.92
187,6,p510_s74_japede,09/09/17,16:53:09,17:53:42,p510,s74,japede_L_30_30_30_R_90_90_90,250,74992,chamber_light_on,749.92
188,6,p510_s74_japede,09/09/17,16:53:09,17:53:42,p510,s74,japede_L_30_30_30_R_90_90_90,340,74992,feeder_off,749.92
189,6,p510_s74_japede,09/09/17,16:53:09,17:53:42,p510,s74,japede_L_30_30_30_R_90_90_90,130,75416,response_right_key,754.16
190,6,p510_s74_japede,09/09/17,16:53:09,17:53:42,p510,s74,japede_L_30_30_30_R_90_90_90,540,75832,feeder_on_left,758.32
191,6,p510_s74_japede,09/09/17,16:53:09,17:53:42,p510,s74,japede_L_30_30_30_R_90_90_90,320,75832,left_light_off,758.32
192,6,p510_s74_japede,09/09/17,16:53:09,17:53:42,p510,s74,japede_L_30_30_30_R_90_90_90,330,75832,right_light_off,758.32
193,6,p510_s74_japede,09/09/17,16:53:09,17:53:42,p510,s74,japede_L_30_30_30_R_90_90_90,350,75832,chamber_light_off,758.32
194,6,p510_s74_japede,09/09/17,16:53:09,17:53:42,p510,s74,japede_L_30_30_30_R_90_90_90,240,75832,feeder_on,758.32
195,6,p510_s74_japede,09/09/17,16:53:09,17:53:42,p510,s74,japede_L_30_30_30_R_90_90_90,120,75832,response_left_key,758.32
196,6,p510_s74_japede,09/09/17,16:53:09,17:53:42,p510,s74,japede_L_30_30_30_R_90_90_90,220,76082,left_light_on,760.82
197,6,p510_s74_japede,09/09/17,16:53:09,17:53:42,p510,s74,japede_L_30_30_30_R_90_90_90,230,76082,right_light_on,760.82
198,6,p510_s74_japede,09/09/17,16:53:09,17:53:42,p510,s74,japede_L_30_30_30_R_90_90_90,250,76082,chamber_light_on,760.82
199,6,p510_s74_japede,09/09/17,16:53:09,17:53:42,p510,s74,japede_L_30_30_30_R_90_90_90,340,76082,feeder_off,760.82
200,6,p510_s74_japede,09/09/17,16:53:09,17:53:42,p510,s74,japede_L_30_30_30_R_90_90_90,120,76344,response_left_key,763.44
201,6,p510_s74_japede,09/09/17,16:53:09,17:53:42,p510,s74,japede_L_30_30_30_R_90_90_90,120,76446,response_left_key,764.46
202,6,p510_s74_japede,09/09/17,16:53:09,17:53:42,p510,s74,japede_L_30_30_30_R_90_90_90,120,76652,response_left_key,766.52
203,6,p510_s74_japede,09/09/17,16:53:09,17:53:42,p510,s74,japede_L_30_30_30_R_90_90_90,120,77045,response_left_key,770.45
204,6,p510_s74_japede,09/09/17,16:53:09,17:53:42,p510,s74,japede_L_30_30_30_R_90_90_90,120,77406,response_left_key,774.06
205,6,p510_s74_japede,09/09/17,16:53:09,17:53:42,p510,s74,japede_L_30_30_30_R_90_90_90,120,77520,response_left_key,775.2
206,6,p510_s74_japede,09/09/17,16:53:09,17:53:42,p510,s74,japede_L_30_30_30_R_90_90_90,120,78005,response_left_key,780.05
207,6,p510_s74_japede,09/09/17,16:53:09,17:53:42,p510,s74,japede_L_30_30_30_R_90_90_90,740,78182,reinforcer_scheduled_left,781.82
208,6,p510_s74_japede,09/09/17,16:53:09,17:53:42,p510,s74,japede_L_30_30_30_R_90_90_90,130,78312,response_right_key,783.12
209,6,p510_s74_japede,09/09/17,16:53:09,17:53:42,p510,s74,japede_L_30_30_30_R_90_90_90,540,78429,feeder_on_left,784.29
210,6,p510_s74_japede,09/09/17,16:53:09,17:53:42,p510,s74,japede_L_30_30_30_R_90_90_90,320,78429,left_light_off,784.29
211,6,p510_s74_japede,09/09/17,16:53:09,17:53:42,p510,s74,japede_L_30_30_30_R_90_90_90,330,78429,right_light_off,784.29
212,6,p510_s74_japede,09/09/17,16:53:09,17:53:42,p510,s74,japede_L_30_30_30_R_90_90_90,350,78429,chamber_light_off,784.29
213,6,p510_s74_japede,09/09/17,16:53:09,17:53:42,p510,s74,japede_L_30_30_30_R_90_90_90,240,78429,feeder_on,784.29
214,6,p510_s74_japede,09/09/17,16:53:09,17:53:42,p510,s74,japede_L_30_30_30_R_90_90_90,120,78429,response_left_key,784.29
215,6,p510_s74_japede,09/09/17,16:53:09,17:53:42,p510,s74,japede_L_30_30_30_R_90_90_90,220,78679,left_light_on,786.79
216,6,p510_s74_japede,09/09/17,16:53:09,17:53:42,p510,s74,japede_L_30_30_30_R_90_90_90,230,78679,right_light_on,786.79
217,6,p510_s74_japede,09/09/17,16:53:09,17:53:42,p510,s74,japede_L_30_30_30_R_90_90_90,250,78679,chamber_light_on,786.79
218,6,p510_s74_japede,09/09/17,16:53:09,17:53:42,p510,s74,japede_L_30_30_30_R_90_90_90,340,78679,feeder_off,786.79
219,6,p510_s74_japede,09/09/17,16:53:09,17:53:42,p510,s74,japede_L_30_30_30_R_90_90_90,740,78779,reinforcer_scheduled_left,787.79
220,6,p510_s74_japede,09/09/17,16:53:09,17:53:42,p510,s74,japede_L_30_30_30_R_90_90_90,540,79243,feeder_on_left,792.43
221,6,p510_s74_japede,09/09/17,16:53:09,17:53:42,p510,s74,japede_L_30_30_30_R_90_90_90,320,79243,left_light_off,792.43
222,6,p510_s74_japede,09/09/17,16:53:09,17:53:42,p510,s74,japede_L_30_30_30_R_90_90_90,330,79243,right_light_off,792.43
223,6,p510_s74_japede,09/09/17,16:53:09,17:53:42,p510,s74,japede_L_30_30_30_R_90_90_90,350,79243,chamber_light_off,792.43
224,6,p510_s74_japede,09/09/17,16:53:09,17:53:42,p510,s74,japede_L_30_30_30_R_90_90_90,240,79243,feeder_on,792.43
225,6,p510_s74_japede,09/09/17,16:53:09,17:53:42,p510,s74,japede_L_30_30_30_R_90_90_90,120,79243,response_left_key,792.43
226,6,p510_s74_japede,09/09/17,16:53:09,17:53:42,p510,s74,japede_L_30_30_30_R_90_90_90,220,79493,left_light_on,794.93
227,6,p510_s74_japede,09/09/17,16:53:09,17:53:42,p510,s74,japede_L_30_30_30_R_90_90_90,230,79493,right_light_on,794.93
228,6,p510_s74_japede,09/09/17,16:53:09,17:53:42,p510,s74,japede_L_30_30_30_R_90_90_90,250,79493,chamber_light_on,794.93
229,6,p510_s74_japede,09/09/17,16:53:09,17:53:42,p510,s74,japede_L_30_30_30_R_90_90_90,340,79493,feeder_off,794.93
230,6,p510_s74_japede,09/09/17,16:53:09,17:53:42,p510,s74,japede_L_30_30_30_R_90_90_90,130,79944,response_right_key,799.44
231,6,p510_s74_japede,09/09/17,16:53:09,17:53:42,p510,s74,japede_L_30_30_30_R_90_90_90,130,79988,response_right_key,799.88
232,6,p510_s74_japede,09/09/17,16:53:09,17:53:42,p510,s74,japede_L_30_30_30_R_90_90_90,120,80087,response_left_key,800.87
233,6,p510_s74_japede,09/09/17,16:53:09,17:53:42,p510,s74,japede_L_30_30_30_R_90_90_90,120,80095,response_left_key,800.95
234,6,p510_s74_japede,09/09/17,16:53:09,17:53:42,p510,s74,japede_L_30_30_30_R_90_90_90,130,80371,response_right_key,803.71
235,6,p510_s74_japede,09/09/17,16:53:09,17:53:42,p510,s74,japede_L_30_30_30_R_90_90_90,120,80478,response_left_key,804.78
236,6,p510_s74_japede,09/09/17,16:53:09,17:53:42,p510,s74,japede_L_30_30_30_R_90_90_90,120,80486,response_left_key,804.86
237,6,p510_s74_japede,09/09/17,16:53:09,17:53:42,p510,s74,japede_L_30_30_30_R_90_90_90,130,80762,response_right_key,807.62
238,6,p510_s74_japede,09/09/17,16:53:09,17:53:42,p510,s74,japede_L_30_30_30_R_90_90_90,120,80890,response_left_key,808.9
239,6,p510_s74_japede,09/09/17,16:53:09,17:53:42,p510,s74,japede_L_30_30_30_R_90_90_90,120,81213,response_left_key,812.13
240,6,p510_s74_japede,09/09/17,16:53:09,17:53:42,p510,s74,japede_L_30_30_30_R_90_90_90,120,81661,response_left_key,816.61
241,6,p510_s74_japede,09/09/17,16:53:09,17:53:42,p510,s74,japede_L_30_30_30_R_90_90_90,120,81988,response_left_key,819.88
242,6,p510_s74_japede,09/09/17,16:53:09,17:53:42,p510,s74,japede_L_30_30_30_R_90_90_90,130,82249,response_right_key,822.49
243,6,p510_s74_japede,09/09/17,16:53:09,17:53:42,p510,s74,japede_L_30_30_30_R_90_90_90,120,82372,response_left_key,823.72
244,6,p510_s74_japede,09/09/17,16:53:09,17:53:42,p510,s74,japede_L_30_30_30_R_90_90_90,130,82536,response_right_key,825.36
245,6,p510_s74_japede,09/09/17,16:53:09,17:53:42,p510,s74,japede_L_30_30_30_R_90_90_90,130,82545,response_right_key,825.45
246,6,p510_s74_japede,09/09/17,16:53:09,17:53:42,p510,s74,japede_L_30_30_30_R_90_90_90,120,82646,response_left_key,826.46
247,6,p510_s74_japede,09/09/17,16:53:09,17:53:42,p510,s74,japede_L_30_30_30_R_90_90_90,120,82737,response_left_key,827.37
248,6,p510_s74_japede,09/09/17,16:53:09,17:53:42,p510,s74,japede_L_30_30_30_R_90_90_90,130,82898,response_right_key,828.98
249,6,p510_s74_japede,09/09/17,16:53:09,17:53:42,p510,s74,japede_L_30_30_30_R_90_90_90,120,83011,response_left_key,830.11
250,6,p510_s74_japede,09/09/17,16:53:09,17:53:42,p510,s74,japede_L_30_30_30_R_90_90_90,130,83195,response_right_key,831.95
251,6,p510_s74_japede,09/09/17,16:53:09,17:53:42,p510,s74,japede_L_30_30_30_R_90_90_90,120,83300,response_left_key,833.0
252,6,p510_s74_japede,09/09/17,16:53:09,17:53:42,p510,s74,japede_L_30_30_30_R_90_90_90,120,83410,response_left_key,834.1
253,6,p510_s74_japede,09/09/17,16:53:09,17:53:42,p510,s74,japede_L_30_30_30_R_90_90_90,130,83649,response_right_key,836.49
254,6,p510_s74_japede,09/09/17,16:53:09,17:53:42,p510,s74,japede_L_30_30_30_R_90_90_90,130,83656,response_right_key,836.56
255,6,p510_s74_japede,09/09/17,16:53:09,17:53:42,p510,s74,japede_L_30_30_30_R_90_90_90,120,83739,response_left_key,837.39
256,6,p510_s74_japede,09/09/17,16:53:09,17:53:42,p510,s74,japede_L_30_30_30_R_90_90_90,840,83792,reinforcer_scheduled_right,837.92
257,6,p510_s74_japede,09/09/17,16:53:09,17:53:42,p510,s74,japede_L_30_30_30_R_90_90_90,640,83926,feeder_on_right,839.26
258,6,p510_s74_japede,09/09/17,16:53:09,17:53:42,p510,s74,japede_L_30_30_30_R_90_90_90,320,83926,left_light_off,839.26
259,6,p510_s74_japede,09/09/17,16:53:09,17:53:42,p510,s74,japede_L_30_30_30_R_90_90_90,330,83926,right_light_off,839.26
260,6,p510_s74_japede,09/09/17,16:53:09,17:53:42,p510,s74,japede_L_30_30_30_R_90_90_90,350,83926,chamber_light_off,839.26
261,6,p510_s74_japede,09/09/17,16:53:09,17:53:42,p510,s74,japede_L_30_30_30_R_90_90_90,240,83926,feeder_on,839.26
262,6,p510_s74_japede,09/09/17,16:53:09,17:53:42,p510,s74,japede_L_30_30_30_R_90_90_90,130,83926,response_right_key,839.26
263,6,p510_s74_japede,09/09/17,16:53:09,17:53:42,p510,s74,japede_L_30_30_30_R_90_90_90,220,84176,left_light_on,841.76
264,6,p510_s74_japede,09/09/17,16:53:09,17:53:42,p510,s74,japede_L_30_30_30_R_90_90_90,230,84176,right_light_on,841.76
265,6,p510_s74_japede,09/09/17,16:53:09,17:53:42,p510,s74,japede_L_30_30_30_R_90_90_90,250,84176,chamber_light_on,841.76
266,6,p510_s74_japede,09/09/17,16:53:09,17:53:42,p510,s74,japede_L_30_30_30_R_90_90_90,340,84176,feeder_off,841.76
267,6,p510_s74_japede,09/09/17,16:53:09,17:53:42,p510,s74,japede_L_30_30_30_R_90_90_90,120,84429,response_left_key,844.29
268,6,p510_s74_japede,09/09/17,16:53:09,17:53:42,p510,s74,japede_L_30_30_30_R_90_90_90,130,84607,response_right_key,846.07
269,6,p510_s74_japede,09/09/17,16:53:09,17:53:42,p510,s74,japede_L_30_30_30_R_90_90_90,130,84867,response_right_key,848.67
270,6,p510_s74_japede,09/09/17,16:53:09,17:53:42,p510,s74,japede_L_30_30_30_R_90_90_90,120,84975,response_left_key,849.75
271,6,p510_s74_japede,09/09/17,16:53:09,17:53:42,p510,s74,japede_L_30_30_30_R_90_90_90,130,85204,response_right_key,852.04
272,6,p510_s74_japede,09/09/17,16:53:09,17:53:42,p510,s74,japede_L_30_30_30_R_90_90_90,130,85211,response_right_key,852.11
273,6,p510_s74_japede,09/09/17,16:53:09,17:53:42,p510,s74,japede_L_30_30_30_R_90_90_90,120,85314,response_left_key,853.14
274,6,p510_s74_japede,09/09/17,16:53:09,17:53:42,p510,s74,japede_L_30_30_30_R_90_90_90,130,85578,response_right_key,855.78
275,6,p510_s74_japede,09/09/17,16:53:09,17:53:42,p510,s74,japede_L_30_30_30_R_90_90_90,120,85667,response_left_key,856.67
276,6,p510_s74_japede,09/09/17,16:53:09,17:53:42,p510,s74,japede_L_30_30_30_R_90_90_90,130,85829,response_right_key,858.29
277,6,p510_s74_japede,09/09/17,16:53:09,17:53:42,p510,s74,japede_L_30_30_30_R_90_90_90,120,85933,response_left_key,859.33
278,6,p510_s74_japede,09/09/17,16:53:09,17:53:42,p510,s74,japede_L_30_30_30_R_90_90_90,130,86144,response_right_key,861.44
279,6,p510_s74_japede,09/09/17,16:53:09,17:53:42,p510,s74,japede_L_30_30_30_R_90_90_90,120,86241,response_left_key,862.41
280,6,p510_s74_japede,09/09/17,16:53:09,17:53:42,p510,s74,japede_L_30_30_30_R_90_90_90,130,86388,response_right_key,863.88
281,6,p510_s74_japede,09/09/17,16:53:09,17:53:42,p510,s74,japede_L_30_30_30_R_90_90_90,120,86490,response_left_key,864.9
282,6,p510_s74_japede,09/09/17,16:53:09,17:53:42,p510,s74,japede_L_30_30_30_R_90_90_90,120,86499,response_left_key,864.99
283,6,p510_s74_japede,09/09/17,16:53:09,17:53:42,p510,s74,japede_L_30_30_30_R_90_90_90,130,86632,response_right_key,866.32
284,6,p510_s74_japede,09/09/17,16:53:09,17:53:42,p510,s74,japede_L_30_30_30_R_90_90_90,120,86715,response_left_key,867.15
285,6,p510_s74_japede,09/09/17,16:53:09,17:53:42,p510,s74,japede_L_30_30_30_R_90_90_90,120,86927,response_left_key,869.27
286,6,p510_s74_japede,09/09/17,16:53:09,17:53:42,p510,s74,japede_L_30_30_30_R_90_90_90,130,87084,response_right_key,870.84
287,6,p510_s74_japede,09/09/17,16:53:09,17:53:42,p510,s74,japede_L_30_30_30_R_90_90_90,120,87166,response_left_key,871.66
288,6,p510_s74_japede,09/09/17,16:53:09,17:53:42,p510,s74,japede_L_30_30_30_R_90_90_90,130,87298,response_right_key,872.98
289,6,p510_s74_japede,09/09/17,16:53:09,17:53:42,p510,s74,japede_L_30_30_30_R_90_90_90,130,87308,response_right_key,873.08
290,6,p510_s74_japede,09/09/17,16:53:09,17:53:42,p510,s74,japede_L_30_30_30_R_90_90_90,120,87381,response_left_key,873.81
291,6,p510_s74_japede,09/09/17,16:53:09,17:53:42,p510,s74,japede_L_30_30_30_R_90_90_90,120,87390,response_left_key,873.9
292,6,p510_s74_japede,09/09/17,16:53:09,17:53:42,p510,s74,japede_L_30_30_30_R_90_90_90,130,87552,response_right_key,875.52
293,6,p510_s74_japede,09/09/17,16:53:09,17:53:42,p510,s74,japede_L_30_30_30_R_90_90_90,120,87661,response_left_key,876.61
294,6,p510_s74_japede,09/09/17,16:53:09,17:53:42,p510,s74,japede_L_30_30_30_R_90_90_90,740,87793,reinforcer_scheduled_left,877.93
295,6,p510_s74_japede,09/09/17,16:53:09,17:53:42,p510,s74,japede_L_30_30_30_R_90_90_90,130,88885,response_right_key,888.85
296,6,p510_s74_japede,09/09/17,16:53:09,17:53:42,p510,s74,japede_L_30_30_30_R_90_90_90,840,94276,reinforcer_scheduled_right,942.76
297,6,p510_s74_japede,09/09/17,16:53:09,17:53:42,p510,s74,japede_L_30_30_30_R_90_90_90,640,97803,feeder_on_right,978.03
298,6,p510_s74_japede,09/09/17,16:53:09,17:53:42,p510,s74,japede_L_30_30_30_R_90_90_90,320,97803,left_light_off,978.03
299,6,p510_s74_japede,09/09/17,16:53:09,17:53:42,p510,s74,japede_L_30_30_30_R_90_90_90,330,97803,right_light_off,978.03
300,6,p510_s74_japede,09/09/17,16:53:09,17:53:42,p510,s74,japede_L_30_30_30_R_90_90_90,350,97803,chamber_light_off,978.03
301,6,p510_s74_japede,09/09/17,16:53:09,17:53:42,p510,s74,japede_L_30_30_30_R_90_90_90,240,97803,feeder_on,978.03
302,6,p510_s74_japede,09/09/17,16:53:09,17:53:42,p510,s74,japede_L_30_30_30_R_90_90_90,130,97803,response_right_key,978.03
303,6,p510_s74_japede,09/09/17,16:53:09,17:53:42,p510,s74,japede_L_30_30_30_R_90_90_90,220,98053,left_light_on,980.53
304,6,p510_s74_japede,09/09/17,16:53:09,17:53:42,p510,s74,japede_L_30_30_30_R_90_90_90,230,98053,right_light_on,980.53
305,6,p510_s74_japede,09/09/17,16:53:09,17:53:42,p510,s74,japede_L_30_30_30_R_90_90_90,250,98053,chamber_light_on,980.53
306,6,p510_s74_japede,09/09/17,16:53:09,17:53:42,p510,s74,japede_L_30_30_30_R_90_90_90,340,98053,feeder_off,980.53
307,6,p510_s74_japede,09/09/17,16:53:09,17:53:42,p510,s74,japede_L_30_30_30_R_90_90_90,540,98503,feeder_on_left,985.03
308,6,p510_s74_japede,09/09/17,16:53:09,17:53:42,p510,s74,japede_L_30_30_30_R_90_90_90,320,98503,left_light_off,985.03
309,6,p510_s74_japede,09/09/17,16:53:09,17:53:42,p510,s74,japede_L_30_30_30_R_90_90_90,330,98503,right_light_off,985.03
310,6,p510_s74_japede,09/09/17,16:53:09,17:53:42,p510,s74,japede_L_30_30_30_R_90_90_90,350,98503,chamber_light_off,985.03
311,6,p510_s74_japede,09/09/17,16:53:09,17:53:42,p510,s74,japede_L_30_30_30_R_90_90_90,240,98503,feeder_on,985.03
312,6,p510_s74_japede,09/09/17,16:53:09,17:53:42,p510,s74,japede_L_30_30_30_R_90_90_90,120,98503,response_left_key,985.03
313,6,p510_s74_japede,09/09/17,16:53:09,17:53:42,p510,s74,japede_L_30_30_30_R_90_90_90,220,98753,left_light_on,987.53
314,6,p510_s74_japede,09/09/17,16:53:09,17:53:42,p510,s74,japede_L_30_30_30_R_90_90_90,230,98753,right_light_on,987.53
315,6,p510_s74_japede,09/09/17,16:53:09,17:53:42,p510,s74,japede_L_30_30_30_R_90_90_90,250,98753,chamber_light_on,987.53
316,6,p510_s74_japede,09/09/17,16:53:09,17:53:42,p510,s74,japede_L_30_30_30_R_90_90_90,340,98753,feeder_off,987.53
317,6,p510_s74_japede,09/09/17,16:53:09,17:53:42,p510,s74,japede_L_30_30_30_R_90_90_90,130,99143,response_right_key,991.43
318,6,p510_s74_japede,09/09/17,16:53:09,17:53:42,p510,s74,japede_L_30_30_30_R_90_90_90,120,99310,response_left_key,993.1
319,6,p510_s74_japede,09/09/17,16:53:09,17:53:42,p510,s74,japede_L_30_30_30_R_90_90_90,120,99633,response_left_key,996.33
320,6,p510_s74_japede,09/09/17,16:53:09,17:53:42,p510,s74,japede_L_30_30_30_R_90_90_90,120,99902,response_left_key,999.02
321,6,p510_s74_japede,09/09/17,16:53:09,17:53:42,p510,s74,japede_L_30_30_30_R_90_90_90,740,99953,reinforcer_scheduled_left,999.53
322,6,p510_s74_japede,09/09/17,16:53:09,17:53:42,p510,s74,japede_L_30_30_30_R_90_90_90,130,103953,response_right_key,1039.53
323,6,p510_s74_japede,09/09/17,16:53:09,17:53:42,p510,s74,japede_L_30_30_30_R_90_90_90,130,104061,response_right_key,1040.61
324,6,p510_s74_japede,09/09/17,16:53:09,17:53:42,p510,s74,japede_L_30_30_30_R_90_90_90,130,104118,response_right_key,1041.18
325,6,p510_s74_japede,09/09/17,16:53:09,17:53:42,p510,s74,japede_L_30_30_30_R_90_90_90,130,105656,response_right_key,1056.56
326,6,p510_s74_japede,09/09/17,16:53:09,17:53:42,p510,s74,japede_L_30_30_30_R_90_90_90,840,105953,reinforcer_scheduled_right,1059.53
327,6,p510_s74_japede,09/09/17,16:53:09,17:53:42,p510,s74,japede_L_30_30_30_R_90_90_90,640,110469,feeder_on_right,1104.69
328,6,p510_s74_japede,09/09/17,16:53:09,17:53:42,p510,s74,japede_L_30_30_30_R_90_90_90,320,110469,left_light_off,1104.69
329,6,p510_s74_japede,09/09/17,16:53:09,17:53:42,p510,s74,japede_L_30_30_30_R_90_90_90,330,110469,right_light_off,1104.69
330,6,p510_s74_japede,09/09/17,16:53:09,17:53:42,p510,s74,japede_L_30_30_30_R_90_90_90,350,110469,chamber_light_off,1104.69
331,6,p510_s74_japede,09/09/17,16:53:09,17:53:42,p510,s74,japede_L_30_30_30_R_90_90_90,240,110469,feeder_on,1104.69
332,6,p510_s74_japede,09/09/17,16:53:09,17:53:42,p510,s74,japede_L_30_30_30_R_90_90_90,130,110469,response_right_key,1104.69
333,6,p510_s74_japede,09/09/17,16:53:09,17:53:42,p510,s74,japede_L_30_30_30_R_90_90_90,220,110719,left_light_on,1107.19
334,6,p510_s74_japede,09/09/17,16:53:09,17:53:42,p510,s74,japede_L_30_30_30_R_90_90_90,230,110719,right_light_on,1107.19
335,6,p510_s74_japede,09/09/17,16:53:09,17:53:42,p510,s74,japede_L_30_30_30_R_90_90_90,250,110719,chamber_light_on,1107.19
336,6,p510_s74_japede,09/09/17,16:53:09,17:53:42,p510,s74,japede_L_30_30_30_R_90_90_90,340,110719,feeder_off,1107.19
337,6,p510_s74_japede,09/09/17,16:53:09,17:53:42,p510,s74,japede_L_30_30_30_R_90_90_90,130,110955,response_right_key,1109.55
338,6,p510_s74_japede,09/09/17,16:53:09,17:53:42,p510,s74,japede_L_30_30_30_R_90_90_90,540,111549,feeder_on_left,1115.49
339,6,p510_s74_japede,09/09/17,16:53:09,17:53:42,p510,s74,japede_L_30_30_30_R_90_90_90,320,111549,left_light_off,1115.49
340,6,p510_s74_japede,09/09/17,16:53:09,17:53:42,p510,s74,japede_L_30_30_30_R_90_90_90,330,111549,right_light_off,1115.49
341,6,p510_s74_japede,09/09/17,16:53:09,17:53:42,p510,s74,japede_L_30_30_30_R_90_90_90,350,111549,chamber_light_off,1115.49
342,6,p510_s74_japede,09/09/17,16:53:09,17:53:42,p510,s74,japede_L_30_30_30_R_90_90_90,240,111549,feeder_on,1115.49
343,6,p510_s74_japede,09/09/17,16:53:09,17:53:42,p510,s74,japede_L_30_30_30_R_90_90_90,120,111549,response_left_key,1115.49
344,6,p510_s74_japede,09/09/17,16:53:09,17:53:42,p510,s74,japede_L_30_30_30_R_90_90_90,220,111799,left_light_on,1117.99
345,6,p510_s74_japede,09/09/17,16:53:09,17:53:42,p510,s74,japede_L_30_30_30_R_90_90_90,230,111799,right_light_on,1117.99
346,6,p510_s74_japede,09/09/17,16:53:09,17:53:42,p510,s74,japede_L_30_30_30_R_90_90_90,250,111799,chamber_light_on,1117.99
347,6,p510_s74_japede,09/09/17,16:53:09,17:53:42,p510,s74,japede_L_30_30_30_R_90_90_90,340,111799,feeder_off,1117.99
348,6,p510_s74_japede,09/09/17,16:53:09,17:53:42,p510,s74,japede_L_30_30_30_R_90_90_90,120,112204,response_left_key,1122.04
349,6,p510_s74_japede,09/09/17,16:53:09,17:53:42,p510,s74,japede_L_30_30_30_R_90_90_90,120,112316,response_left_key,1123.16
350,6,p510_s74_japede,09/09/17,16:53:09,17:53:42,p510,s74,japede_L_30_30_30_R_90_90_90,120,112431,response_left_key,1124.31
351,6,p510_s74_japede,09/09/17,16:53:09,17:53:42,p510,s74,japede_L_30_30_30_R_90_90_90,130,113192,response_right_key,1131.92
352,6,p510_s74_japede,09/09/17,16:53:09,17:53:42,p510,s74,japede_L_30_30_30_R_90_90_90,130,113624,response_right_key,1136.24
353,6,p510_s74_japede,09/09/17,16:53:09,17:53:42,p510,s74,japede_L_30_30_30_R_90_90_90,130,113711,response_right_key,1137.11
354,6,p510_s74_japede,09/09/17,16:53:09,17:53:42,p510,s74,japede_L_30_30_30_R_90_90_90,740,116499,reinforcer_scheduled_left,1164.99
355,6,p510_s74_japede,09/09/17,16:53:09,17:53:42,p510,s74,japede_L_30_30_30_R_90_90_90,540,116667,feeder_on_left,1166.67
356,6,p510_s74_japede,09/09/17,16:53:09,17:53:42,p510,s74,japede_L_30_30_30_R_90_90_90,320,116667,left_light_off,1166.67
357,6,p510_s74_japede,09/09/17,16:53:09,17:53:42,p510,s74,japede_L_30_30_30_R_90_90_90,330,116667,right_light_off,1166.67
358,6,p510_s74_japede,09/09/17,16:53:09,17:53:42,p510,s74,japede_L_30_30_30_R_90_90_90,350,116667,chamber_light_off,1166.67
359,6,p510_s74_japede,09/09/17,16:53:09,17:53:42,p510,s74,japede_L_30_30_30_R_90_90_90,240,116667,feeder_on,1166.67
360,6,p510_s74_japede,09/09/17,16:53:09,17:53:42,p510,s74,japede_L_30_30_30_R_90_90_90,120,116667,response_left_key,1166.67
361,6,p510_s74_japede,09/09/17,16:53:09,17:53:42,p510,s74,japede_L_30_30_30_R_90_90_90,220,116917,left_light_on,1169.17
362,6,p510_s74_japede,09/09/17,16:53:09,17:53:42,p510,s74,japede_L_30_30_30_R_90_90_90,230,116917,right_light_on,1169.17
363,6,p510_s74_japede,09/09/17,16:53:09,17:53:42,p510,s74,japede_L_30_30_30_R_90_90_90,250,116917,chamber_light_on,1169.17
364,6,p510_s74_japede,09/09/17,16:53:09,17:53:42,p510,s74,japede_L_30_30_30_R_90_90_90,340,116917,feeder_off,1169.17
365,6,p510_s74_japede,09/09/17,16:53:09,17:53:42,p510,s74,japede_L_30_30_30_R_90_90_90,120,117360,response_left_key,1173.6
366,6,p510_s74_japede,09/09/17,16:53:09,17:53:42,p510,s74,japede_L_30_30_30_R_90_90_90,130,117603,response_right_key,1176.03
367,6,p510_s74_japede,09/09/17,16:53:09,17:53:42,p510,s74,japede_L_30_30_30_R_90_90_90,120,117717,response_left_key,1177.17
368,6,p510_s74_japede,09/09/17,16:53:09,17:53:42,p510,s74,japede_L_30_30_30_R_90_90_90,120,117830,response_left_key,1178.3
369,6,p510_s74_japede,09/09/17,16:53:09,17:53:42,p510,s74,japede_L_30_30_30_R_90_90_90,120,118130,response_left_key,1181.3
370,6,p510_s74_japede,09/09/17,16:53:09,17:53:42,p510,s74,japede_L_30_30_30_R_90_90_90,120,118422,response_left_key,1184.22
371,6,p510_s74_japede,09/09/17,16:53:09,17:53:42,p510,s74,japede_L_30_30_30_R_90_90_90,120,118523,response_left_key,1185.23
372,6,p510_s74_japede,09/09/17,16:53:09,17:53:42,p510,s74,japede_L_30_30_30_R_90_90_90,120,118788,response_left_key,1187.88
373,6,p510_s74_japede,09/09/17,16:53:09,17:53:42,p510,s74,japede_L_30_30_30_R_90_90_90,130,118935,response_right_key,1189.35
374,6,p510_s74_japede,09/09/17,16:53:09,17:53:42,p510,s74,japede_L_30_30_30_R_90_90_90,130,118945,response_right_key,1189.45
375,6,p510_s74_japede,09/09/17,16:53:09,17:53:42,p510,s74,japede_L_30_30_30_R_90_90_90,120,119058,response_left_key,1190.58
376,6,p510_s74_japede,09/09/17,16:53:09,17:53:42,p510,s74,japede_L_30_30_30_R_90_90_90,120,119069,response_left_key,1190.69
377,6,p510_s74_japede,09/09/17,16:53:09,17:53:42,p510,s74,japede_L_30_30_30_R_90_90_90,120,119159,response_left_key,1191.59
378,6,p510_s74_japede,09/09/17,16:53:09,17:53:42,p510,s74,japede_L_30_30_30_R_90_90_90,130,119308,response_right_key,1193.08
379,6,p510_s74_japede,09/09/17,16:53:09,17:53:42,p510,s74,japede_L_30_30_30_R_90_90_90,120,119444,response_left_key,1194.44
380,6,p510_s74_japede,09/09/17,16:53:09,17:53:42,p510,s74,japede_L_30_30_30_R_90_90_90,740,119517,reinforcer_scheduled_left,1195.17
381,6,p510_s74_japede,09/09/17,16:53:09,17:53:42,p510,s74,japede_L_30_30_30_R_90_90_90,130,119621,response_right_key,1196.21
382,6,p510_s74_japede,09/09/17,16:53:09,17:53:42,p510,s74,japede_L_30_30_30_R_90_90_90,540,119714,feeder_on_left,1197.14
383,6,p510_s74_japede,09/09/17,16:53:09,17:53:42,p510,s74,japede_L_30_30_30_R_90_90_90,320,119714,left_light_off,1197.14
384,6,p510_s74_japede,09/09/17,16:53:09,17:53:42,p510,s74,japede_L_30_30_30_R_90_90_90,330,119714,right_light_off,1197.14
385,6,p510_s74_japede,09/09/17,16:53:09,17:53:42,p510,s74,japede_L_30_30_30_R_90_90_90,350,119714,chamber_light_off,1197.14
386,6,p510_s74_japede,09/09/17,16:53:09,17:53:42,p510,s74,japede_L_30_30_30_R_90_90_90,240,119714,feeder_on,1197.14
387,6,p510_s74_japede,09/09/17,16:53:09,17:53:42,p510,s74,japede_L_30_30_30_R_90_90_90,120,119714,response_left_key,1197.14
388,6,p510_s74_japede,09/09/17,16:53:09,17:53:42,p510,s74,japede_L_30_30_30_R_90_90_90,220,119964,left_light_on,1199.64
389,6,p510_s74_japede,09/09/17,16:53:09,17:53:42,p510,s74,japede_L_30_30_30_R_90_90_90,230,119964,right_light_on,1199.64
390,6,p510_s74_japede,09/09/17,16:53:09,17:53:42,p510,s74,japede_L_30_30_30_R_90_90_90,250,119964,chamber_light_on,1199.64
391,6,p510_s74_japede,09/09/17,16:53:09,17:53:42,p510,s74,japede_L_30_30_30_R_90_90_90,340,119964,feeder_off,1199.64
392,6,p510_s74_japede,09/09/17,16:53:09,17:53:42,p510,s74,japede_L_30_30_30_R_90_90_90,130,120333,response_right_key,1203.33
393,6,p510_s74_japede,09/09/17,16:53:09,17:53:42,p510,s74,japede_L_30_30_30_R_90_90_90,120,120525,response_left_key,1205.25
394,6,p510_s74_japede,09/09/17,16:53:09,17:53:42,p510,s74,japede_L_30_30_30_R_90_90_90,120,121128,response_left_key,1211.28
395,6,p510_s74_japede,09/09/17,16:53:09,17:53:42,p510,s74,japede_L_30_30_30_R_90_90_90,120,121243,response_left_key,1212.43
396,6,p510_s74_japede,09/09/17,16:53:09,17:53:42,p510,s74,japede_L_30_30_30_R_90_90_90,130,121387,response_right_key,1213.87
397,6,p510_s74_japede,09/09/17,16:53:09,17:53:42,p510,s74,japede_L_30_30_30_R_90_90_90,130,121689,response_right_key,1216.89
398,6,p510_s74_japede,09/09/17,16:53:09,17:53:42,p510,s74,japede_L_30_30_30_R_90_90_90,130,121694,response_right_key,1216.94
399,6,p510_s74_japede,09/09/17,16:53:09,17:53:42,p510,s74,japede_L_30_30_30_R_90_90_90,120,121839,response_left_key,1218.39
400,6,p510_s74_japede,09/09/17,16:53:09,17:53:42,p510,s74,japede_L_30_30_30_R_90_90_90,120,121848,response_left_key,1218.48
401,6,p510_s74_japede,09/09/17,16:53:09,17:53:42,p510,s74,japede_L_30_30_30_R_90_90_90,130,122124,response_right_key,1221.24
402,6,p510_s74_japede,09/09/17,16:53:09,17:53:42,p510,s74,japede_L_30_30_30_R_90_90_90,130,122133,response_right_key,1221.33
403,6,p510_s74_japede,09/09/17,16:53:09,17:53:42,p510,s74,japede_L_30_30_30_R_90_90_90,120,122250,response_left_key,1222.5
404,6,p510_s74_japede,09/09/17,16:53:09,17:53:42,p510,s74,japede_L_30_30_30_R_90_90_90,740,122264,reinforcer_scheduled_left,1222.64
405,6,p510_s74_japede,09/09/17,16:53:09,17:53:42,p510,s74,japede_L_30_30_30_R_90_90_90,540,122530,feeder_on_left,1225.3
406,6,p510_s74_japede,09/09/17,16:53:09,17:53:42,p510,s74,japede_L_30_30_30_R_90_90_90,320,122530,left_light_off,1225.3
407,6,p510_s74_japede,09/09/17,16:53:09,17:53:42,p510,s74,japede_L_30_30_30_R_90_90_90,330,122530,right_light_off,1225.3
408,6,p510_s74_japede,09/09/17,16:53:09,17:53:42,p510,s74,japede_L_30_30_30_R_90_90_90,350,122530,chamber_light_off,1225.3
409,6,p510_s74_japede,09/09/17,16:53:09,17:53:42,p510,s74,japede_L_30_30_30_R_90_90_90,240,122530,feeder_on,1225.3
410,6,p510_s74_japede,09/09/17,16:53:09,17:53:42,p510,s74,japede_L_30_30_30_R_90_90_90,120,122530,response_left_key,1225.3
411,6,p510_s74_japede,09/09/17,16:53:09,17:53:42,p510,s74,japede_L_30_30_30_R_90_90_90,220,122780,left_light_on,1227.8
412,6,p510_s74_japede,09/09/17,16:53:09,17:53:42,p510,s74,japede_L_30_30_30_R_90_90_90,230,122780,right_light_on,1227.8
413,6,p510_s74_japede,09/09/17,16:53:09,17:53:42,p510,s74,japede_L_30_30_30_R_90_90_90,250,122780,chamber_light_on,1227.8
414,6,p510_s74_japede,09/09/17,16:53:09,17:53:42,p510,s74,japede_L_30_30_30_R_90_90_90,340,122780,feeder_off,1227.8
415,6,p510_s74_japede,09/09/17,16:53:09,17:53:42,p510,s74,japede_L_30_30_30_R_90_90_90,740,123180,reinforcer_scheduled_left,1231.8
416,6,p510_s74_japede,09/09/17,16:53:09,17:53:42,p510,s74,japede_L_30_30_30_R_90_90_90,540,124087,feeder_on_left,1240.87
417,6,p510_s74_japede,09/09/17,16:53:09,17:53:42,p510,s74,japede_L_30_30_30_R_90_90_90,320,124087,left_light_off,1240.87
418,6,p510_s74_japede,09/09/17,16:53:09,17:53:42,p510,s74,japede_L_30_30_30_R_90_90_90,330,124087,right_light_off,1240.87
419,6,p510_s74_japede,09/09/17,16:53:09,17:53:42,p510,s74,japede_L_30_30_30_R_90_90_90,350,124087,chamber_light_off,1240.87
420,6,p510_s74_japede,09/09/17,16:53:09,17:53:42,p510,s74,japede_L_30_30_30_R_90_90_90,240,124087,feeder_on,1240.87
421,6,p510_s74_japede,09/09/17,16:53:09,17:53:42,p510,s74,japede_L_30_30_30_R_90_90_90,120,124087,response_left_key,1240.87
422,6,p510_s74_japede,09/09/17,16:53:09,17:53:42,p510,s74,japede_L_30_30_30_R_90_90_90,220,124337,left_light_on,1243.37
423,6,p510_s74_japede,09/09/17,16:53:09,17:53:42,p510,s74,japede_L_30_30_30_R_90_90_90,230,124337,right_light_on,1243.37
424,6,p510_s74_japede,09/09/17,16:53:09,17:53:42,p510,s74,japede_L_30_30_30_R_90_90_90,250,124337,chamber_light_on,1243.37
425,6,p510_s74_japede,09/09/17,16:53:09,17:53:42,p510,s74,japede_L_30_30_30_R_90_90_90,340,124337,feeder_off,1243.37
426,6,p510_s74_japede,09/09/17,16:53:09,17:53:42,p510,s74,japede_L_30_30_30_R_90_90_90,740,124737,reinforcer_scheduled_left,1247.37
427,6,p510_s74_japede,09/09/17,16:53:09,17:53:42,p510,s74,japede_L_30_30_30_R_90_90_90,540,125401,feeder_on_left,1254.01
428,6,p510_s74_japede,09/09/17,16:53:09,17:53:42,p510,s74,japede_L_30_30_30_R_90_90_90,320,125401,left_light_off,1254.01
429,6,p510_s74_japede,09/09/17,16:53:09,17:53:42,p510,s74,japede_L_30_30_30_R_90_90_90,330,125401,right_light_off,1254.01
430,6,p510_s74_japede,09/09/17,16:53:09,17:53:42,p510,s74,japede_L_30_30_30_R_90_90_90,350,125401,chamber_light_off,1254.01
431,6,p510_s74_japede,09/09/17,16:53:09,17:53:42,p510,s74,japede_L_30_30_30_R_90_90_90,240,125401,feeder_on,1254.01
432,6,p510_s74_japede,09/09/17,16:53:09,17:53:42,p510,s74,japede_L_30_30_30_R_90_90_90,120,125401,response_left_key,1254.01
433,6,p510_s74_japede,09/09/17,16:53:09,17:53:42,p510,s74,japede_L_30_30_30_R_90_90_90,220,125651,left_light_on,1256.51
434,6,p510_s74_japede,09/09/17,16:53:09,17:53:42,p510,s74,japede_L_30_30_30_R_90_90_90,230,125651,right_light_on,1256.51
435,6,p510_s74_japede,09/09/17,16:53:09,17:53:42,p510,s74,japede_L_30_30_30_R_90_90_90,250,125651,chamber_light_on,1256.51
436,6,p510_s74_japede,09/09/17,16:53:09,17:53:42,p510,s74,japede_L_30_30_30_R_90_90_90,340,125651,feeder_off,1256.51
437,6,p510_s74_japede,09/09/17,16:53:09,17:53:42,p510,s74,japede_L_30_30_30_R_90_90_90,130,127002,response_right_key,1270.02
438,6,p510_s74_japede,09/09/17,16:53:09,17:53:42,p510,s74,japede_L_30_30_30_R_90_90_90,120,127090,response_left_key,1270.9
439,6,p510_s74_japede,09/09/17,16:53:09,17:53:42,p510,s74,japede_L_30_30_30_R_90_90_90,120,127098,response_left_key,1270.98
440,6,p510_s74_japede,09/09/17,16:53:09,17:53:42,p510,s74,japede_L_30_30_30_R_90_90_90,120,127333,response_left_key,1273.33
441,6,p510_s74_japede,09/09/17,16:53:09,17:53:42,p510,s74,japede_L_30_30_30_R_90_90_90,130,128040,response_right_key,1280.4
442,6,p510_s74_japede,09/09/17,16:53:09,17:53:42,p510,s74,japede_L_30_30_30_R_90_90_90,120,128140,response_left_key,1281.4
443,6,p510_s74_japede,09/09/17,16:53:09,17:53:42,p510,s74,japede_L_30_30_30_R_90_90_90,120,128240,response_left_key,1282.4
444,6,p510_s74_japede,09/09/17,16:53:09,17:53:42,p510,s74,japede_L_30_30_30_R_90_90_90,120,128456,response_left_key,1284.56
445,6,p510_s74_japede,09/09/17,16:53:09,17:53:42,p510,s74,japede_L_30_30_30_R_90_90_90,120,128586,response_left_key,1285.86
446,6,p510_s74_japede,09/09/17,16:53:09,17:53:42,p510,s74,japede_L_30_30_30_R_90_90_90,120,129695,response_left_key,1296.95
447,6,p510_s74_japede,09/09/17,16:53:09,17:53:42,p510,s74,japede_L_30_30_30_R_90_90_90,130,129845,response_right_key,1298.45
448,6,p510_s74_japede,09/09/17,16:53:09,17:53:42,p510,s74,japede_L_30_30_30_R_90_90_90,130,129853,response_right_key,1298.53
449,6,p510_s74_japede,09/09/17,16:53:09,17:53:42,p510,s74,japede_L_30_30_30_R_90_90_90,120,129941,response_left_key,1299.41
450,6,p510_s74_japede,09/09/17,16:53:09,17:53:42,p510,s74,japede_L_30_30_30_R_90_90_90,130,130118,response_right_key,1301.18
451,6,p510_s74_japede,09/09/17,16:53:09,17:53:42,p510,s74,japede_L_30_30_30_R_90_90_90,120,130213,response_left_key,1302.13
452,6,p510_s74_japede,09/09/17,16:53:09,17:53:42,p510,s74,japede_L_30_30_30_R_90_90_90,120,130308,response_left_key,1303.08
453,6,p510_s74_japede,09/09/17,16:53:09,17:53:42,p510,s74,japede_L_30_30_30_R_90_90_90,120,130768,response_left_key,1307.68
454,6,p510_s74_japede,09/09/17,16:53:09,17:53:42,p510,s74,japede_L_30_30_30_R_90_90_90,130,131003,response_right_key,1310.03
455,6,p510_s74_japede,09/09/17,16:53:09,17:53:42,p510,s74,japede_L_30_30_30_R_90_90_90,120,131094,response_left_key,1310.94
456,6,p510_s74_japede,09/09/17,16:53:09,17:53:42,p510,s74,japede_L_30_30_30_R_90_90_90,740,131251,reinforcer_scheduled_left,1312.51
457,6,p510_s74_japede,09/09/17,16:53:09,17:53:42,p510,s74,japede_L_30_30_30_R_90_90_90,840,131919,reinforcer_scheduled_right,1319.19
458,6,p510_s74_japede,09/09/17,16:53:09,17:53:42,p510,s74,japede_L_30_30_30_R_90_90_90,640,136082,feeder_on_right,1360.82
459,6,p510_s74_japede,09/09/17,16:53:09,17:53:42,p510,s74,japede_L_30_30_30_R_90_90_90,320,136082,left_light_off,1360.82
460,6,p510_s74_japede,09/09/17,16:53:09,17:53:42,p510,s74,japede_L_30_30_30_R_90_90_90,330,136082,right_light_off,1360.82
461,6,p510_s74_japede,09/09/17,16:53:09,17:53:42,p510,s74,japede_L_30_30_30_R_90_90_90,350,136082,chamber_light_off,1360.82
462,6,p510_s74_japede,09/09/17,16:53:09,17:53:42,p510,s74,japede_L_30_30_30_R_90_90_90,240,136082,feeder_on,1360.82
463,6,p510_s74_japede,09/09/17,16:53:09,17:53:42,p510,s74,japede_L_30_30_30_R_90_90_90,130,136082,response_right_key,1360.82
464,6,p510_s74_japede,09/09/17,16:53:09,17:53:42,p510,s74,japede_L_30_30_30_R_90_90_90,220,136332,left_light_on,1363.32
465,6,p510_s74_japede,09/09/17,16:53:09,17:53:42,p510,s74,japede_L_30_30_30_R_90_90_90,230,136332,right_light_on,1363.32
466,6,p510_s74_japede,09/09/17,16:53:09,17:53:42,p510,s74,japede_L_30_30_30_R_90_90_90,250,136332,chamber_light_on,1363.32
467,6,p510_s74_japede,09/09/17,16:53:09,17:53:42,p510,s74,japede_L_30_30_30_R_90_90_90,340,136332,feeder_off,1363.32
468,6,p510_s74_japede,09/09/17,16:53:09,17:53:42,p510,s74,japede_L_30_30_30_R_90_90_90,130,137113,response_right_key,1371.13
469,6,p510_s74_japede,09/09/17,16:53:09,17:53:42,p510,s74,japede_L_30_30_30_R_90_90_90,130,137363,response_right_key,1373.63
470,6,p510_s74_japede,09/09/17,16:53:09,17:53:42,p510,s74,japede_L_30_30_30_R_90_90_90,130,138362,response_right_key,1383.62
471,6,p510_s74_japede,09/09/17,16:53:09,17:53:42,p510,s74,japede_L_30_30_30_R_90_90_90,840,140032,reinforcer_scheduled_right,1400.32
472,6,p510_s74_japede,09/09/17,16:53:09,17:53:42,p510,s74,japede_L_30_30_30_R_90_90_90,640,141635,feeder_on_right,1416.35
473,6,p510_s74_japede,09/09/17,16:53:09,17:53:42,p510,s74,japede_L_30_30_30_R_90_90_90,320,141635,left_light_off,1416.35
474,6,p510_s74_japede,09/09/17,16:53:09,17:53:42,p510,s74,japede_L_30_30_30_R_90_90_90,330,141635,right_light_off,1416.35
475,6,p510_s74_japede,09/09/17,16:53:09,17:53:42,p510,s74,japede_L_30_30_30_R_90_90_90,350,141635,chamber_light_off,1416.35
476,6,p510_s74_japede,09/09/17,16:53:09,17:53:42,p510,s74,japede_L_30_30_30_R_90_90_90,240,141635,feeder_on,1416.35
477,6,p510_s74_japede,09/09/17,16:53:09,17:53:42,p510,s74,japede_L_30_30_30_R_90_90_90,130,141635,response_right_key,1416.35
478,6,p510_s74_japede,09/09/17,16:53:09,17:53:42,p510,s74,japede_L_30_30_30_R_90_90_90,220,141885,left_light_on,1418.85
479,6,p510_s74_japede,09/09/17,16:53:09,17:53:42,p510,s74,japede_L_30_30_30_R_90_90_90,230,141885,right_light_on,1418.85
480,6,p510_s74_japede,09/09/17,16:53:09,17:53:42,p510,s74,japede_L_30_30_30_R_90_90_90,250,141885,chamber_light_on,1418.85
481,6,p510_s74_japede,09/09/17,16:53:09,17:53:42,p510,s74,japede_L_30_30_30_R_90_90_90,340,141885,feeder_off,1418.85
482,6,p510_s74_japede,09/09/17,16:53:09,17:53:42,p510,s74,japede_L_30_30_30_R_90_90_90,840,154985,reinforcer_scheduled_right,1549.85
483,6,p510_s74_japede,09/09/17,16:53:09,17:53:42,p510,s74,japede_L_30_30_30_R_90_90_90,540,164987,feeder_on_left,1649.87
484,6,p510_s74_japede,09/09/17,16:53:09,17:53:42,p510,s74,japede_L_30_30_30_R_90_90_90,320,164987,left_light_off,1649.87
485,6,p510_s74_japede,09/09/17,16:53:09,17:53:42,p510,s74,japede_L_30_30_30_R_90_90_90,330,164987,right_light_off,1649.87
486,6,p510_s74_japede,09/09/17,16:53:09,17:53:42,p510,s74,japede_L_30_30_30_R_90_90_90,350,164987,chamber_light_off,1649.87
487,6,p510_s74_japede,09/09/17,16:53:09,17:53:42,p510,s74,japede_L_30_30_30_R_90_90_90,240,164987,feeder_on,1649.87
488,6,p510_s74_japede,09/09/17,16:53:09,17:53:42,p510,s74,japede_L_30_30_30_R_90_90_90,120,164987,response_left_key,1649.87
489,6,p510_s74_japede,09/09/17,16:53:09,17:53:42,p510,s74,japede_L_30_30_30_R_90_90_90,220,165237,left_light_on,1652.37
490,6,p510_s74_japede,09/09/17,16:53:09,17:53:42,p510,s74,japede_L_30_30_30_R_90_90_90,230,165237,right_light_on,1652.37
491,6,p510_s74_japede,09/09/17,16:53:09,17:53:42,p510,s74,japede_L_30_30_30_R_90_90_90,250,165237,chamber_light_on,1652.37
492,6,p510_s74_japede,09/09/17,16:53:09,17:53:42,p510,s74,japede_L_30_30_30_R_90_90_90,340,165237,feeder_off,1652.37
493,6,p510_s74_japede,09/09/17,16:53:09,17:53:42,p510,s74,japede_L_30_30_30_R_90_90_90,740,167737,reinforcer_scheduled_left,1677.37
494,6,p510_s74_japede,09/09/17,16:53:09,17:53:42,p510,s74,japede_L_30_30_30_R_90_90_90,640,170450,feeder_on_right,1704.5
495,6,p510_s74_japede,09/09/17,16:53:09,17:53:42,p510,s74,japede_L_30_30_30_R_90_90_90,320,170450,left_light_off,1704.5
496,6,p510_s74_japede,09/09/17,16:53:09,17:53:42,p510,s74,japede_L_30_30_30_R_90_90_90,330,170450,right_light_off,1704.5
497,6,p510_s74_japede,09/09/17,16:53:09,17:53:42,p510,s74,japede_L_30_30_30_R_90_90_90,350,170450,chamber_light_off,1704.5
498,6,p510_s74_japede,09/09/17,16:53:09,17:53:42,p510,s74,japede_L_30_30_30_R_90_90_90,240,170450,feeder_on,1704.5
499,6,p510_s74_japede,09/09/17,16:53:09,17:53:42,p510,s74,japede_L_30_30_30_R_90_90_90,130,170450,response_right_key,1704.5
500,6,p510_s74_japede,09/09/17,16:53:09,17:53:42,p510,s74,japede_L_30_30_30_R_90_90_90,220,170700,left_light_on,1707.0
501,6,p510_s74_japede,09/09/17,16:53:09,17:53:42,p510,s74,japede_L_30_30_30_R_90_90_90,230,170700,right_light_on,1707.0
502,6,p510_s74_japede,09/09/17,16:53:09,17:53:42,p510,s74,japede_L_30_30_30_R_90_90_90,250,170700,chamber_light_on,1707.0
503,6,p510_s74_japede,09/09/17,16:53:09,17:53:42,p510,s74,japede_L_30_30_30_R_90_90_90,340,170700,feeder_off,1707.0
504,6,p510_s74_japede,09/09/17,16:53:09,17:53:42,p510,s74,japede_L_30_30_30_R_90_90_90,130,171828,response_right_key,1718.28
505,6,p510_s74_japede,09/09/17,16:53:09,17:53:42,p510,s74,japede_L_30_30_30_R_90_90_90,840,173600,reinforcer_scheduled_right,1736.0
506,6,p510_s74_japede,09/09/17,16:53:09,17:53:42,p510,s74,japede_L_30_30_30_R_90_90_90,640,174550,feeder_on_right,1745.5
507,6,p510_s74_japede,09/09/17,16:53:09,17:53:42,p510,s74,japede_L_30_30_30_R_90_90_90,320,174550,left_light_off,1745.5
508,6,p510_s74_japede,09/09/17,16:53:09,17:53:42,p510,s74,japede_L_30_30_30_R_90_90_90,330,174550,right_light_off,1745.5
509,6,p510_s74_japede,09/09/17,16:53:09,17:53:42,p510,s74,japede_L_30_30_30_R_90_90_90,350,174550,chamber_light_off,1745.5
510,6,p510_s74_japede,09/09/17,16:53:09,17:53:42,p510,s74,japede_L_30_30_30_R_90_90_90,240,174550,feeder_on,1745.5
511,6,p510_s74_japede,09/09/17,16:53:09,17:53:42,p510,s74,japede_L_30_30_30_R_90_90_90,130,174550,response_right_key,1745.5
512,6,p510_s74_japede,09/09/17,16:53:09,17:53:42,p510,s74,japede_L_30_30_30_R_90_90_90,220,174800,left_light_on,1748.0
513,6,p510_s74_japede,09/09/17,16:53:09,17:53:42,p510,s74,japede_L_30_30_30_R_90_90_90,230,174800,right_light_on,1748.0
514,6,p510_s74_japede,09/09/17,16:53:09,17:53:42,p510,s74,japede_L_30_30_30_R_90_90_90,250,174800,chamber_light_on,1748.0
515,6,p510_s74_japede,09/09/17,16:53:09,17:53:42,p510,s74,japede_L_30_30_30_R_90_90_90,340,174800,feeder_off,1748.0
516,6,p510_s74_japede,09/09/17,16:53:09,17:53:42,p510,s74,japede_L_30_30_30_R_90_90_90,130,175277,response_right_key,1752.77
517,6,p510_s74_japede,09/09/17,16:53:09,17:53:42,p510,s74,japede_L_30_30_30_R_90_90_90,840,175900,reinforcer_scheduled_right,1759.0
518,6,p510_s74_japede,09/09/17,16:53:09,17:53:42,p510,s74,japede_L_30_30_30_R_90_90_90,640,176992,feeder_on_right,1769.92
519,6,p510_s74_japede,09/09/17,16:53:09,17:53:42,p510,s74,japede_L_30_30_30_R_90_90_90,320,176992,left_light_off,1769.92
520,6,p510_s74_japede,09/09/17,16:53:09,17:53:42,p510,s74,japede_L_30_30_30_R_90_90_90,330,176992,right_light_off,1769.92
521,6,p510_s74_japede,09/09/17,16:53:09,17:53:42,p510,s74,japede_L_30_30_30_R_90_90_90,350,176992,chamber_light_off,1769.92
522,6,p510_s74_japede,09/09/17,16:53:09,17:53:42,p510,s74,japede_L_30_30_30_R_90_90_90,240,176992,feeder_on,1769.92
523,6,p510_s74_japede,09/09/17,16:53:09,17:53:42,p510,s74,japede_L_30_30_30_R_90_90_90,130,176992,response_right_key,1769.92
524,6,p510_s74_japede,09/09/17,16:53:09,17:53:42,p510,s74,japede_L_30_30_30_R_90_90_90,220,177242,left_light_on,1772.42
525,6,p510_s74_japede,09/09/17,16:53:09,17:53:42,p510,s74,japede_L_30_30_30_R_90_90_90,230,177242,right_light_on,1772.42
526,6,p510_s74_japede,09/09/17,16:53:09,17:53:42,p510,s74,japede_L_30_30_30_R_90_90_90,250,177242,chamber_light_on,1772.42
527,6,p510_s74_japede,09/09/17,16:53:09,17:53:42,p510,s74,japede_L_30_30_30_R_90_90_90,340,177242,feeder_off,1772.42
528,6,p510_s74_japede,09/09/17,16:53:09,17:53:42,p510,s74,japede_L_30_30_30_R_90_90_90,540,177724,feeder_on_left,1777.24
529,6,p510_s74_japede,09/09/17,16:53:09,17:53:42,p510,s74,japede_L_30_30_30_R_90_90_90,320,177724,left_light_off,1777.24
530,6,p510_s74_japede,09/09/17,16:53:09,17:53:42,p510,s74,japede_L_30_30_30_R_90_90_90,330,177724,right_light_off,1777.24
531,6,p510_s74_japede,09/09/17,16:53:09,17:53:42,p510,s74,japede_L_30_30_30_R_90_90_90,350,177724,chamber_light_off,1777.24
532,6,p510_s74_japede,09/09/17,16:53:09,17:53:42,p510,s74,japede_L_30_30_30_R_90_90_90,240,177724,feeder_on,1777.24
533,6,p510_s74_japede,09/09/17,16:53:09,17:53:42,p510,s74,japede_L_30_30_30_R_90_90_90,120,177724,response_left_key,1777.24
534,6,p510_s74_japede,09/09/17,16:53:09,17:53:42,p510,s74,japede_L_30_30_30_R_90_90_90,220,177974,left_light_on,1779.74
535,6,p510_s74_japede,09/09/17,16:53:09,17:53:42,p510,s74,japede_L_30_30_30_R_90_90_90,230,177974,right_light_on,1779.74
536,6,p510_s74_japede,09/09/17,16:53:09,17:53:42,p510,s74,japede_L_30_30_30_R_90_90_90,250,177974,chamber_light_on,1779.74
537,6,p510_s74_japede,09/09/17,16:53:09,17:53:42,p510,s74,japede_L_30_30_30_R_90_90_90,340,177974,feeder_off,1779.74
538,6,p510_s74_japede,09/09/17,16:53:09,17:53:42,p510,s74,japede_L_30_30_30_R_90_90_90,120,179016,response_left_key,1790.16
539,6,p510_s74_japede,09/09/17,16:53:09,17:53:42,p510,s74,japede_L_30_30_30_R_90_90_90,120,179429,response_left_key,1794.29
540,6,p510_s74_japede,09/09/17,16:53:09,17:53:42,p510,s74,japede_L_30_30_30_R_90_90_90,120,179438,response_left_key,1794.38
541,6,p510_s74_japede,09/09/17,16:53:09,17:53:42,p510,s74,japede_L_30_30_30_R_90_90_90,120,179559,response_left_key,1795.59
542,6,p510_s74_japede,09/09/17,16:53:09,17:53:42,p510,s74,japede_L_30_30_30_R_90_90_90,120,179801,response_left_key,1798.01
543,6,p510_s74_japede,09/09/17,16:53:09,17:53:42,p510,s74,japede_L_30_30_30_R_90_90_90,840,181642,reinforcer_scheduled_right,1816.42
544,6,p510_s74_japede,09/09/17,16:53:09,17:53:42,p510,s74,japede_L_30_30_30_R_90_90_90,740,182874,reinforcer_scheduled_left,1828.74
545,6,p510_s74_japede,09/09/17,16:53:09,17:53:42,p510,s74,japede_L_30_30_30_R_90_90_90,540,184403,feeder_on_left,1844.03
546,6,p510_s74_japede,09/09/17,16:53:09,17:53:42,p510,s74,japede_L_30_30_30_R_90_90_90,320,184403,left_light_off,1844.03
547,6,p510_s74_japede,09/09/17,16:53:09,17:53:42,p510,s74,japede_L_30_30_30_R_90_90_90,330,184403,right_light_off,1844.03
548,6,p510_s74_japede,09/09/17,16:53:09,17:53:42,p510,s74,japede_L_30_30_30_R_90_90_90,350,184403,chamber_light_off,1844.03
549,6,p510_s74_japede,09/09/17,16:53:09,17:53:42,p510,s74,japede_L_30_30_30_R_90_90_90,240,184403,feeder_on,1844.03
550,6,p510_s74_japede,09/09/17,16:53:09,17:53:42,p510,s74,japede_L_30_30_30_R_90_90_90,120,184403,response_left_key,1844.03
551,6,p510_s74_japede,09/09/17,16:53:09,17:53:42,p510,s74,japede_L_30_30_30_R_90_90_90,120,184419,response_left_key,1844.19
552,6,p510_s74_japede,09/09/17,16:53:09,17:53:42,p510,s74,japede_L_30_30_30_R_90_90_90,220,184653,left_light_on,1846.53
553,6,p510_s74_japede,09/09/17,16:53:09,17:53:42,p510,s74,japede_L_30_30_30_R_90_90_90,230,184653,right_light_on,1846.53
554,6,p510_s74_japede,09/09/17,16:53:09,17:53:42,p510,s74,japede_L_30_30_30_R_90_90_90,250,184653,chamber_light_on,1846.53
555,6,p510_s74_japede,09/09/17,16:53:09,17:53:42,p510,s74,japede_L_30_30_30_R_90_90_90,340,184653,feeder_off,1846.53
556,6,p510_s74_japede,09/09/17,16:53:09,17:53:42,p510,s74,japede_L_30_30_30_R_90_90_90,120,185201,response_left_key,1852.01
557,6,p510_s74_japede,09/09/17,16:53:09,17:53:42,p510,s74,japede_L_30_30_30_R_90_90_90,120,186002,response_left_key,1860.02
558,6,p510_s74_japede,09/09/17,16:53:09,17:53:42,p510,s74,japede_L_30_30_30_R_90_90_90,740,186953,reinforcer_scheduled_left,1869.53
559,6,p510_s74_japede,09/09/17,16:53:09,17:53:42,p510,s74,japede_L_30_30_30_R_90_90_90,540,194493,feeder_on_left,1944.93
560,6,p510_s74_japede,09/09/17,16:53:09,17:53:42,p510,s74,japede_L_30_30_30_R_90_90_90,320,194493,left_light_off,1944.93
561,6,p510_s74_japede,09/09/17,16:53:09,17:53:42,p510,s74,japede_L_30_30_30_R_90_90_90,330,194493,right_light_off,1944.93
562,6,p510_s74_japede,09/09/17,16:53:09,17:53:42,p510,s74,japede_L_30_30_30_R_90_90_90,350,194493,chamber_light_off,1944.93
563,6,p510_s74_japede,09/09/17,16:53:09,17:53:42,p510,s74,japede_L_30_30_30_R_90_90_90,240,194493,feeder_on,1944.93
564,6,p510_s74_japede,09/09/17,16:53:09,17:53:42,p510,s74,japede_L_30_30_30_R_90_90_90,120,194493,response_left_key,1944.93
565,6,p510_s74_japede,09/09/17,16:53:09,17:53:42,p510,s74,japede_L_30_30_30_R_90_90_90,220,194743,left_light_on,1947.43
566,6,p510_s74_japede,09/09/17,16:53:09,17:53:42,p510,s74,japede_L_30_30_30_R_90_90_90,230,194743,right_light_on,1947.43
567,6,p510_s74_japede,09/09/17,16:53:09,17:53:42,p510,s74,japede_L_30_30_30_R_90_90_90,250,194743,chamber_light_on,1947.43
568,6,p510_s74_japede,09/09/17,16:53:09,17:53:42,p510,s74,japede_L_30_30_30_R_90_90_90,340,194743,feeder_off,1947.43
569,6,p510_s74_japede,09/09/17,16:53:09,17:53:42,p510,s74,japede_L_30_30_30_R_90_90_90,740,199343,reinforcer_scheduled_left,1993.43
570,6,p510_s74_japede,09/09/17,16:53:09,17:53:42,p510,s74,japede_L_30_30_30_R_90_90_90,640,249583,feeder_on_right,2495.83
571,6,p510_s74_japede,09/09/17,16:53:09,17:53:42,p510,s74,japede_L_30_30_30_R_90_90_90,320,249583,left_light_off,2495.83
572,6,p510_s74_japede,09/09/17,16:53:09,17:53:42,p510,s74,japede_L_30_30_30_R_90_90_90,330,249583,right_light_off,2495.83
573,6,p510_s74_japede,09/09/17,16:53:09,17:53:42,p510,s74,japede_L_30_30_30_R_90_90_90,350,249583,chamber_light_off,2495.83
574,6,p510_s74_japede,09/09/17,16:53:09,17:53:42,p510,s74,japede_L_30_30_30_R_90_90_90,240,249583,feeder_on,2495.83
575,6,p510_s74_japede,09/09/17,16:53:09,17:53:42,p510,s74,japede_L_30_30_30_R_90_90_90,130,249583,response_right_key,2495.83
576,6,p510_s74_japede,09/09/17,16:53:09,17:53:42,p510,s74,japede_L_30_30_30_R_90_90_90,220,249833,left_light_on,2498.33
577,6,p510_s74_japede,09/09/17,16:53:09,17:53:42,p510,s74,japede_L_30_30_30_R_90_90_90,230,249833,right_light_on,2498.33
578,6,p510_s74_japede,09/09/17,16:53:09,17:53:42,p510,s74,japede_L_30_30_30_R_90_90_90,250,249833,chamber_light_on,2498.33
579,6,p510_s74_japede,09/09/17,16:53:09,17:53:42,p510,s74,japede_L_30_30_30_R_90_90_90,340,249833,feeder_off,2498.33
580,6,p510_s74_japede,09/09/17,16:53:09,17:53:42,p510,s74,japede_L_30_30_30_R_90_90_90,540,254264,feeder_on_left,2542.64
581,6,p510_s74_japede,09/09/17,16:53:09,17:53:42,p510,s74,japede_L_30_30_30_R_90_90_90,320,254264,left_light_off,2542.64
582,6,p510_s74_japede,09/09/17,16:53:09,17:53:42,p510,s74,japede_L_30_30_30_R_90_90_90,330,254264,right_light_off,2542.64
583,6,p510_s74_japede,09/09/17,16:53:09,17:53:42,p510,s74,japede_L_30_30_30_R_90_90_90,350,254264,chamber_light_off,2542.64
584,6,p510_s74_japede,09/09/17,16:53:09,17:53:42,p510,s74,japede_L_30_30_30_R_90_90_90,240,254264,feeder_on,2542.64
585,6,p510_s74_japede,09/09/17,16:53:09,17:53:42,p510,s74,japede_L_30_30_30_R_90_90_90,120,254264,response_left_key,2542.64
586,6,p510_s74_japede,09/09/17,16:53:09,17:53:42,p510,s74,japede_L_30_30_30_R_90_90_90,220,254514,left_light_on,2545.14
587,6,p510_s74_japede,09/09/17,16:53:09,17:53:42,p510,s74,japede_L_30_30_30_R_90_90_90,230,254514,right_light_on,2545.14
588,6,p510_s74_japede,09/09/17,16:53:09,17:53:42,p510,s74,japede_L_30_30_30_R_90_90_90,250,254514,chamber_light_on,2545.14
589,6,p510_s74_japede,09/09/17,16:53:09,17:53:42,p510,s74,japede_L_30_30_30_R_90_90_90,340,254514,feeder_off,2545.14
590,6,p510_s74_japede,09/09/17,16:53:09,17:53:42,p510,s74,japede_L_30_30_30_R_90_90_90,120,254854,response_left_key,2548.54
591,6,p510_s74_japede,09/09/17,16:53:09,17:53:42,p510,s74,japede_L_30_30_30_R_90_90_90,120,255099,response_left_key,2550.99
592,6,p510_s74_japede,09/09/17,16:53:09,17:53:42,p510,s74,japede_L_30_30_30_R_90_90_90,840,255133,reinforcer_scheduled_right,2551.33
593,6,p510_s74_japede,09/09/17,16:53:09,17:53:42,p510,s74,japede_L_30_30_30_R_90_90_90,740,257914,reinforcer_scheduled_left,2579.14
594,6,p510_s74_japede,09/09/17,16:53:09,17:53:42,p510,s74,japede_L_30_30_30_R_90_90_90,540,275843,feeder_on_left,2758.43
595,6,p510_s74_japede,09/09/17,16:53:09,17:53:42,p510,s74,japede_L_30_30_30_R_90_90_90,320,275843,left_light_off,2758.43
596,6,p510_s74_japede,09/09/17,16:53:09,17:53:42,p510,s74,japede_L_30_30_30_R_90_90_90,330,275843,right_light_off,2758.43
597,6,p510_s74_japede,09/09/17,16:53:09,17:53:42,p510,s74,japede_L_30_30_30_R_90_90_90,350,275843,chamber_light_off,2758.43
598,6,p510_s74_japede,09/09/17,16:53:09,17:53:42,p510,s74,japede_L_30_30_30_R_90_90_90,240,275843,feeder_on,2758.43
599,6,p510_s74_japede,09/09/17,16:53:09,17:53:42,p510,s74,japede_L_30_30_30_R_90_90_90,120,275843,response_left_key,2758.43
600,6,p510_s74_japede,09/09/17,16:53:09,17:53:42,p510,s74,japede_L_30_30_30_R_90_90_90,220,276093,left_light_on,2760.93
601,6,p510_s74_japede,09/09/17,16:53:09,17:53:42,p510,s74,japede_L_30_30_30_R_90_90_90,230,276093,right_light_on,2760.93
602,6,p510_s74_japede,09/09/17,16:53:09,17:53:42,p510,s74,japede_L_30_30_30_R_90_90_90,250,276093,chamber_light_on,2760.93
603,6,p510_s74_japede,09/09/17,16:53:09,17:53:42,p510,s74,japede_L_30_30_30_R_90_90_90,340,276093,feeder_off,2760.93
604,6,p510_s74_japede,09/09/17,16:53:09,17:53:42,p510,s74,japede_L_30_30_30_R_90_90_90,120,276619,response_left_key,2766.19
605,6,p510_s74_japede,09/09/17,16:53:09,17:53:42,p510,s74,japede_L_30_30_30_R_90_90_90,120,276624,response_left_key,2766.24
606,6,p510_s74_japede,09/09/17,16:53:09,17:53:42,p510,s74,japede_L_30_30_30_R_90_90_90,640,276895,feeder_on_right,2768.95
607,6,p510_s74_japede,09/09/17,16:53:09,17:53:42,p510,s74,japede_L_30_30_30_R_90_90_90,320,276895,left_light_off,2768.95
608,6,p510_s74_japede,09/09/17,16:53:09,17:53:42,p510,s74,japede_L_30_30_30_R_90_90_90,330,276895,right_light_off,2768.95
609,6,p510_s74_japede,09/09/17,16:53:09,17:53:42,p510,s74,japede_L_30_30_30_R_90_90_90,350,276895,chamber_light_off,2768.95
610,6,p510_s74_japede,09/09/17,16:53:09,17:53:42,p510,s74,japede_L_30_30_30_R_90_90_90,240,276895,feeder_on,2768.95
611,6,p510_s74_japede,09/09/17,16:53:09,17:53:42,p510,s74,japede_L_30_30_30_R_90_90_90,130,276895,response_right_key,2768.95
612,6,p510_s74_japede,09/09/17,16:53:09,17:53:42,p510,s74,japede_L_30_30_30_R_90_90_90,220,277145,left_light_on,2771.45
613,6,p510_s74_japede,09/09/17,16:53:09,17:53:42,p510,s74,japede_L_30_30_30_R_90_90_90,230,277145,right_light_on,2771.45
614,6,p510_s74_japede,09/09/17,16:53:09,17:53:42,p510,s74,japede_L_30_30_30_R_90_90_90,250,277145,chamber_light_on,2771.45
615,6,p510_s74_japede,09/09/17,16:53:09,17:53:42,p510,s74,japede_L_30_30_30_R_90_90_90,340,277145,feeder_off,2771.45
616,6,p510_s74_japede,09/09/17,16:53:09,17:53:42,p510,s74,japede_L_30_30_30_R_90_90_90,130,277420,response_right_key,2774.2
617,6,p510_s74_japede,09/09/17,16:53:09,17:53:42,p510,s74,japede_L_30_30_30_R_90_90_90,130,277564,response_right_key,2775.64
618,6,p510_s74_japede,09/09/17,16:53:09,17:53:42,p510,s74,japede_L_30_30_30_R_90_90_90,120,277758,response_left_key,2777.58
619,6,p510_s74_japede,09/09/17,16:53:09,17:53:42,p510,s74,japede_L_30_30_30_R_90_90_90,130,278186,response_right_key,2781.86
620,6,p510_s74_japede,09/09/17,16:53:09,17:53:42,p510,s74,japede_L_30_30_30_R_90_90_90,130,278564,response_right_key,2785.64
621,6,p510_s74_japede,09/09/17,16:53:09,17:53:42,p510,s74,japede_L_30_30_30_R_90_90_90,130,279100,response_right_key,2791.0
622,6,p510_s74_japede,09/09/17,16:53:09,17:53:42,p510,s74,japede_L_30_30_30_R_90_90_90,130,279108,response_right_key,2791.08
623,6,p510_s74_japede,09/09/17,16:53:09,17:53:42,p510,s74,japede_L_30_30_30_R_90_90_90,130,279151,response_right_key,2791.51
624,6,p510_s74_japede,09/09/17,16:53:09,17:53:42,p510,s74,japede_L_30_30_30_R_90_90_90,130,279184,response_right_key,2791.84
625,6,p510_s74_japede,09/09/17,16:53:09,17:53:42,p510,s74,japede_L_30_30_30_R_90_90_90,130,279220,response_right_key,2792.2
626,6,p510_s74_japede,09/09/17,16:53:09,17:53:42,p510,s74,japede_L_30_30_30_R_90_90_90,120,279423,response_left_key,2794.23
627,6,p510_s74_japede,09/09/17,16:53:09,17:53:42,p510,s74,japede_L_30_30_30_R_90_90_90,740,279593,reinforcer_scheduled_left,2795.93
628,6,p510_s74_japede,09/09/17,16:53:09,17:53:42,p510,s74,japede_L_30_30_30_R_90_90_90,540,279816,feeder_on_left,2798.16
629,6,p510_s74_japede,09/09/17,16:53:09,17:53:42,p510,s74,japede_L_30_30_30_R_90_90_90,320,279816,left_light_off,2798.16
630,6,p510_s74_japede,09/09/17,16:53:09,17:53:42,p510,s74,japede_L_30_30_30_R_90_90_90,330,279816,right_light_off,2798.16
631,6,p510_s74_japede,09/09/17,16:53:09,17:53:42,p510,s74,japede_L_30_30_30_R_90_90_90,350,279816,chamber_light_off,2798.16
632,6,p510_s74_japede,09/09/17,16:53:09,17:53:42,p510,s74,japede_L_30_30_30_R_90_90_90,240,279816,feeder_on,2798.16
633,6,p510_s74_japede,09/09/17,16:53:09,17:53:42,p510,s74,japede_L_30_30_30_R_90_90_90,120,279816,response_left_key,2798.16
634,6,p510_s74_japede,09/09/17,16:53:09,17:53:42,p510,s74,japede_L_30_30_30_R_90_90_90,220,280066,left_light_on,2800.66
635,6,p510_s74_japede,09/09/17,16:53:09,17:53:42,p510,s74,japede_L_30_30_30_R_90_90_90,230,280066,right_light_on,2800.66
636,6,p510_s74_japede,09/09/17,16:53:09,17:53:42,p510,s74,japede_L_30_30_30_R_90_90_90,250,280066,chamber_light_on,2800.66
637,6,p510_s74_japede,09/09/17,16:53:09,17:53:42,p510,s74,japede_L_30_30_30_R_90_90_90,340,280066,feeder_off,2800.66
638,6,p510_s74_japede,09/09/17,16:53:09,17:53:42,p510,s74,japede_L_30_30_30_R_90_90_90,130,280444,response_right_key,2804.44
639,6,p510_s74_japede,09/09/17,16:53:09,17:53:42,p510,s74,japede_L_30_30_30_R_90_90_90,130,280451,response_right_key,2804.51
640,6,p510_s74_japede,09/09/17,16:53:09,17:53:42,p510,s74,japede_L_30_30_30_R_90_90_90,120,281597,response_left_key,2815.97
641,6,p510_s74_japede,09/09/17,16:53:09,17:53:42,p510,s74,japede_L_30_30_30_R_90_90_90,130,282214,response_right_key,2822.14
642,6,p510_s74_japede,09/09/17,16:53:09,17:53:42,p510,s74,japede_L_30_30_30_R_90_90_90,120,283559,response_left_key,2835.59
643,6,p510_s74_japede,09/09/17,16:53:09,17:53:42,p510,s74,japede_L_30_30_30_R_90_90_90,120,283564,response_left_key,2835.64
644,6,p510_s74_japede,09/09/17,16:53:09,17:53:42,p510,s74,japede_L_30_30_30_R_90_90_90,740,283866,reinforcer_scheduled_left,2838.66
645,6,p510_s74_japede,09/09/17,16:53:09,17:53:42,p510,s74,japede_L_30_30_30_R_90_90_90,130,283898,response_right_key,2838.98
646,6,p510_s74_japede,09/09/17,16:53:09,17:53:42,p510,s74,japede_L_30_30_30_R_90_90_90,130,283911,response_right_key,2839.11
647,6,p510_s74_japede,09/09/17,16:53:09,17:53:42,p510,s74,japede_L_30_30_30_R_90_90_90,540,284633,feeder_on_left,2846.33
648,6,p510_s74_japede,09/09/17,16:53:09,17:53:42,p510,s74,japede_L_30_30_30_R_90_90_90,320,284633,left_light_off,2846.33
649,6,p510_s74_japede,09/09/17,16:53:09,17:53:42,p510,s74,japede_L_30_30_30_R_90_90_90,330,284633,right_light_off,2846.33
650,6,p510_s74_japede,09/09/17,16:53:09,17:53:42,p510,s74,japede_L_30_30_30_R_90_90_90,350,284633,chamber_light_off,2846.33
651,6,p510_s74_japede,09/09/17,16:53:09,17:53:42,p510,s74,japede_L_30_30_30_R_90_90_90,240,284633,feeder_on,2846.33
652,6,p510_s74_japede,09/09/17,16:53:09,17:53:42,p510,s74,japede_L_30_30_30_R_90_90_90,120,284633,response_left_key,2846.33
653,6,p510_s74_japede,09/09/17,16:53:09,17:53:42,p510,s74,japede_L_30_30_30_R_90_90_90,120,284651,response_left_key,2846.51
654,6,p510_s74_japede,09/09/17,16:53:09,17:53:42,p510,s74,japede_L_30_30_30_R_90_90_90,220,284883,left_light_on,2848.83
655,6,p510_s74_japede,09/09/17,16:53:09,17:53:42,p510,s74,japede_L_30_30_30_R_90_90_90,230,284883,right_light_on,2848.83
656,6,p510_s74_japede,09/09/17,16:53:09,17:53:42,p510,s74,japede_L_30_30_30_R_90_90_90,250,284883,chamber_light_on,2848.83
657,6,p510_s74_japede,09/09/17,16:53:09,17:53:42,p510,s74,japede_L_30_30_30_R_90_90_90,340,284883,feeder_off,2848.83
658,6,p510_s74_japede,09/09/17,16:53:09,17:53:42,p510,s74,japede_L_30_30_30_R_90_90_90,120,285225,response_left_key,2852.25
659,6,p510_s74_japede,09/09/17,16:53:09,17:53:42,p510,s74,japede_L_30_30_30_R_90_90_90,120,285502,response_left_key,2855.02
660,6,p510_s74_japede,09/09/17,16:53:09,17:53:42,p510,s74,japede_L_30_30_30_R_90_90_90,130,285647,response_right_key,2856.47
661,6,p510_s74_japede,09/09/17,16:53:09,17:53:42,p510,s74,japede_L_30_30_30_R_90_90_90,130,285654,response_right_key,2856.54
662,6,p510_s74_japede,09/09/17,16:53:09,17:53:42,p510,s74,japede_L_30_30_30_R_90_90_90,120,285857,response_left_key,2858.57
663,6,p510_s74_japede,09/09/17,16:53:09,17:53:42,p510,s74,japede_L_30_30_30_R_90_90_90,130,286080,response_right_key,2860.8
664,6,p510_s74_japede,09/09/17,16:53:09,17:53:42,p510,s74,japede_L_30_30_30_R_90_90_90,120,286172,response_left_key,2861.72
665,6,p510_s74_japede,09/09/17,16:53:09,17:53:42,p510,s74,japede_L_30_30_30_R_90_90_90,120,286271,response_left_key,2862.71
666,6,p510_s74_japede,09/09/17,16:53:09,17:53:42,p510,s74,japede_L_30_30_30_R_90_90_90,130,286441,response_right_key,2864.41
667,6,p510_s74_japede,09/09/17,16:53:09,17:53:42,p510,s74,japede_L_30_30_30_R_90_90_90,120,286582,response_left_key,2865.82
668,6,p510_s74_japede,09/09/17,16:53:09,17:53:42,p510,s74,japede_L_30_30_30_R_90_90_90,120,286670,response_left_key,2866.7
669,6,p510_s74_japede,09/09/17,16:53:09,17:53:42,p510,s74,japede_L_30_30_30_R_90_90_90,120,286772,response_left_key,2867.72
670,6,p510_s74_japede,09/09/17,16:53:09,17:53:42,p510,s74,japede_L_30_30_30_R_90_90_90,120,286864,response_left_key,2868.64
671,6,p510_s74_japede,09/09/17,16:53:09,17:53:42,p510,s74,japede_L_30_30_30_R_90_90_90,130,287084,response_right_key,2870.84
672,6,p510_s74_japede,09/09/17,16:53:09,17:53:42,p510,s74,japede_L_30_30_30_R_90_90_90,130,287093,response_right_key,2870.93
673,6,p510_s74_japede,09/09/17,16:53:09,17:53:42,p510,s74,japede_L_30_30_30_R_90_90_90,130,287127,response_right_key,2871.27
674,6,p510_s74_japede,09/09/17,16:53:09,17:53:42,p510,s74,japede_L_30_30_30_R_90_90_90,120,287253,response_left_key,2872.53
675,6,p510_s74_japede,09/09/17,16:53:09,17:53:42,p510,s74,japede_L_30_30_30_R_90_90_90,130,287404,response_right_key,2874.04
676,6,p510_s74_japede,09/09/17,16:53:09,17:53:42,p510,s74,japede_L_30_30_30_R_90_90_90,120,287505,response_left_key,2875.05
677,6,p510_s74_japede,09/09/17,16:53:09,17:53:42,p510,s74,japede_L_30_30_30_R_90_90_90,120,287594,response_left_key,2875.94
678,6,p510_s74_japede,09/09/17,16:53:09,17:53:42,p510,s74,japede_L_30_30_30_R_90_90_90,130,287776,response_right_key,2877.76
679,6,p510_s74_japede,09/09/17,16:53:09,17:53:42,p510,s74,japede_L_30_30_30_R_90_90_90,120,289456,response_left_key,2894.56
680,6,p510_s74_japede,09/09/17,16:53:09,17:53:42,p510,s74,japede_L_30_30_30_R_90_90_90,840,291745,reinforcer_scheduled_right,2917.45
681,6,p510_s74_japede,09/09/17,16:53:09,17:53:42,p510,s74,japede_L_30_30_30_R_90_90_90,120,292181,response_left_key,2921.81
682,6,p510_s74_japede,09/09/17,16:53:09,17:53:42,p510,s74,japede_L_30_30_30_R_90_90_90,120,293556,response_left_key,2935.56
683,6,p510_s74_japede,09/09/17,16:53:09,17:53:42,p510,s74,japede_L_30_30_30_R_90_90_90,740,295083,reinforcer_scheduled_left,2950.83
684,6,p510_s74_japede,09/09/17,16:53:09,17:53:42,p510,s74,japede_L_30_30_30_R_90_90_90,320,360000,left_light_off,3600.0
685,6,p510_s74_japede,09/09/17,16:53:09,17:53:42,p510,s74,japede_L_30_30_30_R_90_90_90,330,360000,right_light_off,3600.0
686,6,p510_s74_japede,09/09/17,16:53:09,17:53:42,p510,s74,japede_L_30_30_30_R_90_90_90,350,360000,chamber_light_off,3600.0
687,6,p510_s74_japede,09/09/17,16:53:09,17:53:42,p510,s74,japede_L_30_30_30_R_90_90_90,020,360000,session_end,3600.0
