"session","bird","n_resp_left","n_resp_right","n_reinf_left","n_reinf_right"
"s01","p004",565,321,22,6
"s02","p004",250,200,40,14
"s03","p004",6,112,3,5
"s04","p004",1,136,1,10
"s05","p004",130,507,24,20
"s06","p004",101,145,14,10
"s07","p004",158,252,17,8
"s08","p004",270,296,42,11
"s09","p004",383,394,46,24
"s10","p004",163,156,15,5
"s11","p004",802,360,63,16
"s12","p004",372,219,38,9
"s13","p004",375,392,38,12
"s14","p004",216,342,32,9
"s15","p004",221,583,50,24
"s16","p004",294,311,31,15
"s17","p004",216,624,6,28
"s18","p004",139,579,14,33
"s19","p004",282,694,21,44
"s20","p004",328,897,12,37
"s21","p004",231,518,12,17
"s22","p004",260,827,17,40
"s23","p004",281,850,9,42
"s24","p004",336,949,13,33
"s25","p004",278,678,6,32
"s26","p004",478,756,11,38
"s27","p004",588,834,35,13
"s28","p004",910,854,32,18
"s29","p004",552,533,35,17
"s30","p004",785,764,66,25
"s31","p004",542,637,51,13
"s32","p004",948,656,56,16
"s33","p004",789,461,38,16
"s34","p004",813,557,33,14
"s35","p004",530,380,29,7
"s36","p004",582,514,39,15
"s37","p004",516,618,17,38
"s38","p004",427,723,9,45
"s39","p004",364,505,17,27
"s40","p004",537,692,19,43
"s41","p004",483,736,16,35
"s42","p004",597,740,7,33
"s43","p004",346,514,11,20
"s44","p004",551,699,11,36
"s45","p004",702,808,14,36
"s46","p004",706,744,7,37
"s47","p004",670,663,14,27
"s48","p004",763,696,5,36
"s49","p004",544,483,8,30
"s50","p004",657,758,13,35
"s51","p004",577,710,11,39
"s52","p004",759,643,11,33
"s53","p004",544,602,9,36
"s54","p004",679,705,41,13
"s55","p004",1221,967,50,13
"s56","p004",1511,1054,63,28
"s57","p004",1282,1057,55,26
"s58","p004",1195,1065,51,23
"s59","p004",824,1081,67,20
"s60","p004",746,843,44,18
"s61","p004",760,793,38,9
"s62","p004",1067,962,50,15
"s63","p004",744,722,46,14
"s64","p004",1005,1164,59,14
"s65","p004",1008,876,45,20
"s66","p004",1019,986,57,18
"s67","p004",693,793,38,17
"s68","p004",918,912,58,13
"s69","p004",924,1015,49,18
"s70","p004",1262,949,48,20
"s71","p004",966,626,28,14
"s72","p004",966,972,54,23
"s73","p004",931,824,44,17
"s74","p004",1024,751,56,18
"s75","p004",763,556,32,11
"s76","p004",921,581,15,37
"s77","p004",874,701,15,41
"s78","p004",964,566,13,51
"s79","p004",950,880,16,52
"s80","p004",750,736,10,40
"s81","p004",687,695,18,31
"s82","p004",849,885,14,51
"s83","p004",919,935,13,39
"s84","p004",918,946,16,45
"s85","p004",675,1186,11,55
"s86","p004",545,740,10,27
"s87","p004",731,848,13,34
"s88","p004",881,889,11,39
"s89","p004",782,820,13,41
"s90","p004",670,645,14,36
"s91","p004",406,512,14,31
"s92","p004",156,378,11,28
"s93","p004",288,1091,10,42
"s94","p004",345,800,19,51
"s95","p004",361,813,14,48
"s96","p004",195,523,8,24
"s97","p004",366,494,8,35
"s98","p004",440,523,12,33
"s99","p004",663,693,20,42
"s100","p004",621,590,18,40
"s101","p004",480,499,14,34
"s102","p004",662,437,23,22
"s103","p004",712,561,21,26
"s104","p004",674,506,16,22
"s105","p004",680,504,20,23
"s106","p004",622,434,28,18
"s107","p004",910,567,18,20
"s108","p004",688,457,32,25
"s109","p004",873,461,14,10
"s110","p004",608,416,26,26
"s111","p004",914,503,22,24
"s112","p004",649,441,19,21
"s113","p004",679,536,16,20
"s114","p004",719,600,18,19
"s115","p004",879,543,24,28
"s116","p004",1394,1012,49,35
"s117","p004",1243,1205,51,48
"s118","p004",941,770,59,1
"s119","p004",935,708,46,7
"s120","p004",1482,974,87,3
"s121","p004",1007,562,42,7
"s122","p004",1280,609,55,5
"s123","p004",1274,703,65,6
"s124","p004",856,539,37,6
"s125","p004",871,931,17,47
"s126","p004",1434,1140,63,29
"s127","p004",976,681,11,48
"s128","p004",1450,1001,76,18
"s129","p004",1102,780,65,7
"s130","p004",888,753,8,51
"s131","p004",539,453,46,5
"s132","p004",748,978,36,57
"s133","p004",659,392,47,2
"s134","p004",985,385,64,3
"s135","p004",905,489,58,5
"s136","p004",1356,922,19,59
"s137","p004",747,392,45,6
"s138","p004",741,506,22,25
"s139","p004",1394,1362,40,57
"s140","p004",1274,1142,33,59
"s141","p004",1141,810,71,4
"s142","p004",1121,510,75,5
"s143","p004",770,1211,5,68
"s144","p004",821,419,39,7
"s145","p004",764,922,12,58
"s146","p004",1232,1252,13,64
"s147","p004",1232,732,14,66
"s148","p004",565,91,16,25
"s149","p004",1195,167,56,20
"s150","p004",755,226,7,37
"s151","p004",833,27,64,2
"s152","p004",1053,287,13,63
"s153","p004",1026,495,23,60
"s154","p004",842,222,11,46
"s155","p004",1013,113,65,13
"s156","p004",714,578,1,82
"s157","p004",511,144,5,30
"s158","p004",496,271,4,63
"s159","p004",783,92,52,10
"s160","p004",653,39,26,9
"s161","p004",702,597,27,46
"s162","p004",1550,255,55,21
"s163","p004",837,602,5,48
"s164","p004",350,671,1,53
"s165","p004",1103,801,43,18
"s166","p004",937,742,23,33
"s167","p004",1287,816,21,43
"s168","p004",1297,700,87,7
"s169","p004",834,824,27,59
"s170","p004",1543,834,73,13
"s171","p004",862,711,59,7
"s172","p004",556,746,7,49
"s173","p004",1458,1177,52,33
"s174","p004",1077,966,16,81
"s175","p004",1280,1209,22,92
"s176","p004",463,684,10,44
"s177","p004",800,361,40,10
"s178","p004",1113,679,67,9
"s179","p004",978,685,8,37
"s180","p004",524,718,8,46
"s01","p054",236,277,33,17
"s02","p054",511,329,51,19
"s03","p054",271,247,26,14
"s04","p054",338,183,28,9
"s05","p054",143,206,17,10
"s06","p054",294,311,39,20
"s07","p054",309,110,25,7
"s08","p054",655,198,72,26
"s09","p054",306,118,25,10
"s10","p054",462,147,44,14
"s11","p054",355,206,32,11
"s12","p054",722,269,66,23
"s13","p054",642,188,44,16
"s14","p054",734,287,55,21
"s15","p054",409,164,31,9
"s16","p054",574,287,37,18
"s17","p054",383,349,12,36
"s18","p054",342,322,10,35
"s19","p054",214,357,3,28
"s20","p054",343,422,18,40
"s21","p054",383,412,19,34
"s22","p054",383,426,15,46
"s23","p054",77,130,3,20
"s24","p054",281,437,4,34
"s25","p054",275,315,14,37
"s26","p054",365,464,12,36
"s27","p054",662,350,49,12
"s28","p054",768,374,51,16
"s29","p054",728,348,44,15
"s30","p054",428,198,24,5
"s31","p054",875,378,48,21
"s32","p054",359,247,28,9
"s33","p054",1168,480,67,22
"s34","p054",908,272,48,12
"s35","p054",674,438,37,19
"s36","p054",648,442,45,18
"s37","p054",428,563,14,37
"s38","p054",433,574,15,45
"s39","p054",419,402,19,29
"s40","p054",355,364,11,29
"s41","p054",398,603,17,51
"s42","p054",435,518,17,34
"s43","p054",413,636,8,41
"s44","p054",376,621,12,35
"s45","p054",356,617,14,46
"s46","p054",418,642,13,38
"s47","p054",239,441,8,32
"s48","p054",261,473,12,31
"s49","p054",179,313,10,29
"s50","p054",283,496,12,35
"s51","p054",254,422,7,28
"s52","p054",414,619,19,38
"s53","p054",275,363,9,19
"s54","p054",849,548,60,18
"s55","p054",772,515,46,22
"s56","p054",621,496,38,14
"s57","p054",658,446,57,19
"s58","p054",737,535,43,12
"s59","p054",565,287,51,15
"s60","p054",753,416,43,24
"s61","p054",438,210,22,3
"s62","p054",340,178,26,16
"s63","p054",690,321,37,10
"s64","p054",563,210,33,12
"s65","p054",548,278,32,14
"s66","p054",840,409,61,19
"s67","p054",680,293,48,17
"s68","p054",543,279,45,17
"s69","p054",721,270,60,22
"s70","p054",634,252,37,13
"s71","p054",528,220,50,22
"s72","p054",515,205,41,14
"s73","p054",535,262,48,13
"s74","p054",605,277,49,14
"s75","p054",420,170,24,10
"s76","p054",390,390,9,34
"s77","p054",343,442,14,39
"s78","p054",536,550,16,43
"s79","p054",271,360,13,34
"s80","p054",393,501,7,39
"s81","p054",505,591,19,38
"s82","p054",372,414,19,32
"s83","p054",503,563,16,41
"s84","p054",544,550,18,34
"s85","p054",296,475,9,30
"s86","p054",376,447,7,24
"s87","p054",451,604,12,36
"s88","p054",455,583,19,36
"s89","p054",427,515,20,29
"s90","p054",540,598,19,46
"s91","p054",304,440,14,47
"s92","p054",258,322,13,22
"s93","p054",222,306,10,34
"s94","p054",342,445,16,41
"s95","p054",287,351,5,35
"s96","p054",457,701,11,42
"s97","p054",179,219,9,24
"s98","p054",430,499,11,31
"s99","p054",193,187,11,22
"s100","p054",443,618,17,45
"s101","p054",252,298,10,31
"s102","p054",300,325,22,24
"s103","p054",262,214,22,20
"s104","p054",293,330,17,21
"s105","p054",245,240,17,12
"s106","p054",499,478,23,17
"s107","p054",228,175,22,18
"s108","p054",178,230,19,20
"s109","p054",179,208,11,16
"s110","p054",268,239,16,19
"s111","p054",227,210,25,20
"s112","p054",367,329,23,27
"s113","p054",127,111,22,19
"s114","p054",373,261,18,23
"s115","p054",309,203,18,19
"s116","p054",611,620,26,23
"s117","p054",615,464,31,34
"s118","p054",713,277,43,22
"s119","p054",221,303,6,38
"s120","p054",291,490,1,34
"s121","p054",178,382,5,43
"s122","p054",438,1063,10,83
"s123","p054",233,735,7,60
"s124","p054",196,707,3,47
"s125","p054",607,179,74,4
"s126","p054",520,811,4,74
"s127","p054",662,315,65,10
"s128","p054",367,525,7,41
"s129","p054",292,563,8,52
"s130","p054",527,724,21,70
"s131","p054",496,350,42,19
"s132","p054",557,771,14,58
"s133","p054",851,505,56,18
"s134","p054",678,514,62,19
"s135","p054",309,724,8,61
"s136","p054",766,657,68,19
"s137","p054",512,287,50,11
"s138","p054",881,522,65,20
"s139","p054",588,344,40,13
"s140","p054",664,258,48,6
"s141","p054",1109,418,64,9
"s142","p054",410,722,3,58
"s143","p054",428,973,5,73
"s144","p054",245,661,1,55
"s145","p054",190,751,3,53
"s146","p054",955,260,90,6
"s147","p054",339,608,18,64
"s148","p054",719,473,50,27
"s149","p054",285,894,9,87
"s150","p054",181,427,3,42
"s151","p054",142,320,3,43
"s152","p054",980,520,70,9
"s153","p054",821,664,30,56
"s154","p054",549,497,23,46
"s155","p054",494,506,20,41
"s156","p054",848,999,37,63
"s157","p054",415,324,19,32
"s158","p054",627,494,31,40
"s159","p054",505,454,23,33
"s160","p054",812,191,59,5
"s161","p054",675,239,66,4
"s162","p054",523,222,39,3
"s163","p054",618,1045,27,62
"s164","p054",353,579,16,41
"s165","p054",856,341,49,5
"s166","p054",693,159,54,3
"s167","p054",825,203,63,6
"s168","p054",221,706,9,44
"s169","p054",595,534,46,19
"s170","p054",421,1270,6,68
"s171","p054",258,1050,1,79
"s172","p054",630,578,46,19
"s173","p054",600,417,43,16
"s174","p054",845,554,58,16
"s175","p054",241,396,16,32
"s176","p054",561,1014,22,60
"s177","p054",259,538,15,50
"s178","p054",909,536,56,8
"s179","p054",582,836,13,49
"s180","p054",341,685,10,44
"s01","p138",1507,32,36,6
"s02","p138",289,24,30,4
"s03","p138",277,108,31,13
"s04","p138",648,111,64,12
"s05","p138",350,290,43,16
"s06","p138",383,327,46,21
"s07","p138",197,202,30,14
"s08","p138",101,102,16,10
"s09","p138",236,221,52,22
"s10","p138",111,52,26,6
"s11","p138",387,211,55,19
"s12","p138",285,181,34,9
"s13","p138",329,118,41,11
"s14","p138",350,139,36,11
"s15","p138",476,237,42,21
"s16","p138",342,201,30,12
"s17","p138",197,251,10,26
"s18","p138",154,334,12,35
"s19","p138",213,530,8,26
"s20","p138",361,737,20,46
"s21","p138",283,351,9,14
"s22","p138",274,459,8,36
"s23","p138",406,458,18,34
"s24","p138",205,389,5,26
"s25","p138",400,411,6,32
"s26","p138",311,293,15,36
"s27","p138",659,222,40,17
"s28","p138",795,321,61,23
"s29","p138",526,283,48,21
"s30","p138",244,105,19,7
"s31","p138",185,105,21,7
"s32","p138",230,215,30,12
"s33","p138",292,273,55,24
"s34","p138",345,218,46,16
"s35","p138",322,155,38,12
"s36","p138",233,141,26,10
"s37","p138",250,297,14,29
"s38","p138",183,391,18,37
"s39","p138",96,333,6,35
"s40","p138",152,436,10,31
"s41","p138",162,556,15,37
"s42","p138",260,314,16,34
"s43","p138",188,402,15,34
"s44","p138",176,323,13,21
"s45","p138",125,180,8,21
"s46","p138",228,364,20,35
"s47","p138",110,182,5,18
"s48","p138",125,480,13,38
"s49","p138",215,382,13,23
"s50","p138",188,460,14,40
"s51","p138",186,371,12,26
"s52","p138",280,586,11,36
"s53","p138",191,396,12,31
"s54","p138",743,495,66,21
"s55","p138",354,116,32,6
"s56","p138",540,423,44,16
"s57","p138",572,334,46,15
"s58","p138",778,357,66,18
"s59","p138",296,166,40,15
"s60","p138",320,175,52,26
"s61","p138",176,91,20,9
"s62","p138",237,131,39,14
"s63","p138",232,116,43,12
"s64","p138",550,248,61,22
"s65","p138",286,188,42,16
"s66","p138",180,72,23,11
"s67","p138",341,197,43,13
"s68","p138",607,199,45,16
"s69","p138",546,233,62,20
"s70","p138",145,82,23,14
"s71","p138",293,35,41,10
"s72","p138",304,52,24,8
"s73","p138",435,48,36,10
"s74","p138",501,8,56,5
"s75","p138",341,260,30,7
"s76","p138",289,427,16,40
"s77","p138",297,332,15,33
"s78","p138",235,271,10,32
"s79","p138",271,222,16,38
"s80","p138",169,151,7,25
"s81","p138",188,257,17,31
"s82","p138",174,248,10,31
"s83","p138",292,269,17,34
"s84","p138",157,245,5,22
"s85","p138",177,688,7,38
"s86","p138",171,388,7,26
"s87","p138",180,454,11,38
"s88","p138",130,314,13,30
"s89","p138",135,362,11,33
"s90","p138",105,269,6,26
"s91","p138",81,72,17,23
"s92","p138",92,118,13,34
"s93","p138",193,126,12,32
"s94","p138",130,205,10,19
"s95","p138",235,441,11,31
"s96","p138",163,297,15,30
"s97","p138",162,328,12,45
"s98","p138",97,128,8,22
"s99","p138",139,199,16,30
"s100","p138",140,252,12,35
"s101","p138",76,113,12,28
"s102","p138",136,154,15,17
"s103","p138",196,257,24,22
"s104","p138",110,120,15,20
"s105","p138",127,217,17,18
"s106","p138",169,216,18,17
"s107","p138",144,213,20,16
"s108","p138",108,121,29,16
"s109","p138",177,124,15,16
"s110","p138",161,62,15,17
"s111","p138",250,144,15,13
"s112","p138",227,102,28,17
"s113","p138",135,125,15,12
"s114","p138",127,227,16,14
"s115","p138",117,302,16,19
"s116","p138",239,538,39,43
"s117","p138",274,488,37,59
"s118","p138",109,217,34,19
"s119","p138",403,113,43,15
"s120","p138",322,83,40,14
"s121","p138",338,140,60,27
"s122","p138",506,325,47,13
"s123","p138",889,493,62,19
"s124","p138",300,689,8,69
"s125","p138",421,388,63,23
"s126","p138",229,317,28,35
"s127","p138",251,481,22,38
"s128","p138",235,500,13,51
"s129","p138",398,358,48,16
"s130","p138",357,216,49,10
"s131","p138",181,292,13,33
"s132","p138",143,270,13,40
"s133","p138",399,483,22,47
"s134","p138",536,548,25,53
"s135","p138",419,136,48,4
"s136","p138",290,408,7,57
"s137","p138",156,589,2,50
"s138","p138",179,306,6,36
"s139","p138",428,110,35,16
"s140","p138",388,108,33,14
"s141","p138",232,68,7,28
"s142","p138",314,399,6,71
"s143","p138",743,94,58,6
"s144","p138",254,143,4,34
"s145","p138",199,443,5,67
"s146","p138",769,326,50,27
"s147","p138",838,152,43,18
"s148","p138",354,382,10,67
"s149","p138",496,292,60,21
"s150","p138",97,280,3,48
"s151","p138",90,288,3,55
"s152","p138",274,80,57,5
"s153","p138",189,149,4,47
"s154","p138",83,215,1,34
"s155","p138",2,529,0,46
"s156","p138",584,144,68,8
"s157","p138",429,135,41,9
"s158","p138",296,51,53,4
"s159","p138",689,36,62,8
"s160","p138",496,4,57,1
"s161","p138",335,141,10,24
"s162","p138",342,49,38,10
"s163","p138",367,27,62,7
"s164","p138",491,156,24,31
"s165","p138",498,291,14,28
"s166","p138",528,447,16,52
"s167","p138",298,347,18,51
"s168","p138",430,6,59,0
"s169","p138",421,10,61,2
"s170","p138",514,293,25,53
"s171","p138",352,373,28,58
"s172","p138",228,125,38,19
"s173","p138",414,189,35,24
"s174","p138",141,222,7,31
"s175","p138",268,55,47,4
"s176","p138",389,501,19,64
"s177","p138",303,409,15,48
"s178","p138",717,90,75,8
"s179","p138",392,376,14,44
"s180","p138",507,193,13,39
"s01","p510",597,308,55,16
"s02","p510",902,208,65,16
"s03","p510",756,295,44,13
"s04","p510",1172,444,59,13
"s05","p510",1890,471,63,18
"s06","p510",2069,707,70,24
"s07","p510",1889,563,60,17
"s08","p510",1089,425,25,15
"s09","p510",1312,492,44,13
"s10","p510",1502,556,57,10
"s11","p510",1008,326,32,8
"s12","p510",2006,984,64,21
"s13","p510",1445,479,45,13
"s14","p510",784,410,24,10
"s15","p510",2071,639,65,19
"s16","p510",1118,435,45,10
"s17","p510",632,436,11,33
"s18","p510",495,685,12,20
"s19","p510",389,819,10,29
"s20","p510",383,871,13,30
"s21","p510",502,753,8,29
"s22","p510",487,759,15,32
"s23","p510",485,910,12,32
"s24","p510",366,790,7,23
"s25","p510",524,1309,14,50
"s26","p510",534,945,12,31
"s27","p510",1515,997,60,13
"s28","p510",1396,656,55,11
"s29","p510",1054,735,47,16
"s30","p510",1413,1242,57,23
"s31","p510",739,660,34,17
"s32","p510",1623,1099,65,19
"s33","p510",1899,1227,68,20
"s34","p510",1371,1009,42,14
"s35","p510",1311,986,44,11
"s36","p510",1368,913,34,14
"s37","p510",1003,1593,17,38
"s38","p510",645,1033,11,34
"s39","p510",489,1057,7,29
"s40","p510",486,1245,11,35
"s41","p510",604,1390,13,31
"s42","p510",549,1133,7,50
"s43","p510",440,1085,7,24
"s44","p510",625,1201,15,39
"s45","p510",751,1019,16,33
"s46","p510",648,837,13,40
"s47","p510",908,1228,10,37
"s48","p510",1096,1252,18,42
"s49","p510",1087,1322,23,42
"s50","p510",1003,1272,13,40
"s51","p510",907,1105,15,33
"s52","p510",834,1127,15,43
"s53","p510",604,1104,9,31
"s54","p510",893,822,27,15
"s55","p510",1954,1158,55,22
"s56","p510",1338,830,40,16
"s57","p510",1654,1136,52,26
"s58","p510",816,595,29,4
"s59","p510",1126,930,44,12
"s60","p510",1178,806,49,8
"s61","p510",854,686,52,12
"s62","p510",965,985,35,14
"s63","p510",1317,1119,51,17
"s64","p510",1350,1094,58,26
"s65","p510",1034,880,55,15
"s66","p510",816,494,37,12
"s67","p510",1173,774,52,18
"s68","p510",898,612,34,13
"s69","p510",623,448,33,11
"s70","p510",692,449,37,16
"s71","p510",991,625,50,20
"s72","p510",1329,836,56,15
"s73","p510",1060,663,47,16
"s74","p510",102,59,12,4
"s75","p510",643,315,26,6
"s76","p510",591,640,9,17
"s77","p510",767,844,22,37
"s78","p510",649,734,11,35
"s79","p510",830,835,15,28
"s80","p510",621,687,15,27
"s81","p510",624,741,15,36
"s82","p510",513,683,8,28
"s83","p510",621,907,20,43
"s84","p510",693,1002,15,34
"s85","p510",666,958,21,32
"s86","p510",334,978,8,47
"s87","p510",415,1114,9,41
"s88","p510",387,955,13,27
"s89","p510",393,1022,9,37
"s90","p510",494,926,12,30
"s91","p510",517,980,11,42
"s92","p510",359,893,9,29
"s93","p510",662,1266,12,53
"s94","p510",477,940,12,34
"s95","p510",464,920,15,32
"s96","p510",513,1256,6,37
"s97","p510",592,1231,13,47
"s98","p510",463,889,13,34
"s99","p510",664,1115,13,31
"s100","p510",340,920,4,32
"s101","p510",507,1075,16,35
"s102","p510",598,1014,25,17
"s103","p510",502,913,18,20
"s104","p510",527,1055,22,24
"s105","p510",677,962,18,22
"s106","p510",638,887,19,24
"s107","p510",614,788,24,19
"s108","p510",471,877,17,16
"s109","p510",588,830,22,23
"s110","p510",610,869,15,21
"s111","p510",696,892,19,21
"s112","p510",724,929,24,23
"s113","p510",793,774,19,16
"s114","p510",616,733,18,13
"s115","p510",587,749,19,16
"s116","p510",1378,1342,29,39
"s117","p510",926,1186,22,34
"s118","p510",1509,1133,61,2
"s119","p510",1248,617,61,7
"s120","p510",1639,660,69,1
"s121","p510",1189,1670,10,80
"s122","p510",971,869,54,9
"s123","p510",1645,1121,57,14
"s124","p510",817,1124,16,34
"s125","p510",916,595,57,5
"s126","p510",730,1776,3,69
"s127","p510",994,793,49,11
"s128","p510",1449,1121,61,25
"s129","p510",1264,1567,33,72
"s130","p510",646,983,13,44
"s131","p510",579,1092,11,47
"s132","p510",567,1336,13,44
"s133","p510",700,1275,12,42
"s134","p510",683,1124,19,40
"s135","p510",1076,927,51,17
"s136","p510",977,1255,18,43
"s137","p510",1162,777,64,4
"s138","p510",524,882,6,48
"s139","p510",630,1279,5,53
"s140","p510",704,1517,11,58
"s141","p510",1934,1168,70,4
"s142","p510",1469,656,77,6
"s143","p510",1241,610,61,8
"s144","p510",1449,577,80,12
"s145","p510",999,1280,24,59
"s146","p510",1155,1731,25,52
"s147","p510",1446,847,79,11
"s148","p510",1225,286,75,5
"s149","p510",1854,647,82,12
"s150","p510",548,1199,8,62
"s151","p510",1307,695,78,9
"s152","p510",1326,589,75,9
"s153","p510",798,1256,17,46
"s154","p510",724,1241,17,52
"s155","p510",835,1445,27,60
"s156","p510",1710,1000,67,14
"s157","p510",950,1402,14,58
"s158","p510",434,835,8,42
"s159","p510",961,473,72,8
"s160","p510",318,667,11,43
"s161","p510",686,298,38,20
"s162","p510",1561,1412,44,35
"s163","p510",1351,1258,51,28
"s164","p510",1116,1988,18,68
"s165","p510",925,1857,16,58
"s166","p510",830,1931,17,79
"s167","p510",1199,1178,31,21
"s168","p510",1649,1308,62,32
"s169","p510",1193,1063,44,23
"s170","p510",679,1365,6,50
"s171","p510",284,1239,6,54
"s172","p510",770,1940,14,84
"s173","p510",455,1729,8,88
"s174","p510",796,1728,11,67
"s175","p510",484,1478,4,70
"s176","p510",416,1714,5,61
"s177","p510",259,1229,5,48
"s178","p510",1205,720,68,4
"s179","p510",940,378,48,2
"s180","p510",565,1341,12,40
"s01","p530",92,2,5,1
"s02","p530",599,140,41,8
"s03","p530",372,115,23,9
"s04","p530",753,55,50,10
"s05","p530",851,36,34,11
"s06","p530",770,129,21,13
"s07","p530",747,71,46,10
"s08","p530",1165,35,50,11
"s09","p530",1223,8,46,4
"s10","p530",1348,0,60,0
"s11","p530",1304,2,45,2
"s12","p530",2214,5,56,3
"s13","p530",1448,1,30,1
"s14","p530",1407,44,40,8
"s15","p530",1514,34,50,6
"s16","p530",1078,60,27,7
"s17","p530",620,419,9,35
"s18","p530",455,333,6,26
"s19","p530",467,613,8,40
"s20","p530",397,631,9,30
"s21","p530",396,865,11,45
"s22","p530",204,705,9,34
"s23","p530",262,990,13,40
"s24","p530",156,933,15,42
"s25","p530",168,662,8,31
"s26","p530",157,645,10,27
"s27","p530",405,869,43,25
"s28","p530",753,789,48,12
"s29","p530",327,367,29,14
"s30","p530",762,486,48,25
"s31","p530",351,190,38,14
"s32","p530",929,452,51,21
"s33","p530",589,379,34,14
"s34","p530",505,358,33,15
"s35","p530",802,576,46,23
"s36","p530",578,361,42,10
"s37","p530",384,455,16,30
"s38","p530",275,564,8,37
"s39","p530",227,387,5,29
"s40","p530",121,301,11,41
"s41","p530",251,296,14,34
"s42","p530",264,451,16,37
"s43","p530",240,556,14,39
"s44","p530",183,468,12,41
"s45","p530",132,170,11,32
"s46","p530",170,480,11,28
"s47","p530",351,375,13,34
"s48","p530",284,566,11,34
"s49","p530",231,448,13,31
"s50","p530",228,597,12,36
"s51","p530",191,606,8,29
"s52","p530",254,736,17,39
"s53","p530",166,525,8,26
"s54","p530",644,557,42,9
"s55","p530",588,462,30,12
"s56","p530",808,554,53,16
"s57","p530",467,379,29,15
"s58","p530",975,420,60,23
"s59","p530",739,186,35,11
"s60","p530",560,113,40,12
"s61","p530",660,102,34,13
"s62","p530",888,134,26,10
"s63","p530",1116,182,45,16
"s64","p530",740,127,30,9
"s65","p530",742,81,37,11
"s66","p530",1194,149,52,18
"s67","p530",761,116,53,17
"s68","p530",438,115,45,19
"s69","p530",621,157,42,15
"s70","p530",630,137,48,16
"s71","p530",895,164,44,13
"s72","p530",852,232,50,14
"s73","p530",430,119,31,11
"s74","p530",550,118,25,14
"s75","p530",560,159,33,14
"s76","p530",631,486,14,40
"s77","p530",286,258,10,22
"s78","p530",303,232,12,23
"s79","p530",281,357,14,36
"s80","p530",377,301,19,38
"s81","p530",319,460,10,38
"s82","p530",268,656,15,34
"s83","p530",163,252,15,19
"s84","p530",255,344,13,21
"s85","p530",243,263,13,31
"s86","p530",488,579,19,37
"s87","p530",292,269,9,30
"s88","p530",228,415,10,42
"s89","p530",143,247,11,29
"s90","p530",151,331,9,32
"s91","p530",121,216,11,24
"s92","p530",209,330,17,37
"s93","p530",159,485,12,37
"s94","p530",127,476,13,32
"s95","p530",258,576,16,44
"s96","p530",213,531,10,32
"s97","p530",70,519,8,28
"s98","p530",49,408,9,33
"s99","p530",81,580,10,40
"s100","p530",61,806,11,39
"s101","p530",30,609,7,31
"s102","p530",123,619,17,19
"s103","p530",190,574,23,12
"s104","p530",225,523,18,17
"s105","p530",91,590,11,20
"s106","p530",171,550,26,24
"s107","p530",195,738,20,20
"s108","p530",212,603,17,26
"s109","p530",181,730,23,22
"s110","p530",223,793,21,32
"s111","p530",234,535,21,22
"s112","p530",294,467,28,21
"s113","p530",298,535,20,24
"s114","p530",350,386,25,25
"s115","p530",261,300,18,14
"s116","p530",459,648,35,38
"s117","p530",552,271,53,5
"s118","p530",1337,100,74,5
"s119","p530",338,757,2,61
"s120","p530",444,233,48,15
"s121","p530",207,561,16,48
"s122","p530",738,343,56,7
"s123","p530",1073,318,61,12
"s124","p530",993,178,37,3
"s125","p530",2074,136,84,10
"s126","p530",723,828,23,75
"s127","p530",567,1072,26,54
"s128","p530",1070,257,51,3
"s129","p530",1266,75,44,3
"s130","p530",1620,43,64,6
"s131","p530",652,662,23,49
"s132","p530",636,720,28,52
"s133","p530",954,516,45,20
"s134","p530",1535,537,62,26
"s135","p530",475,744,11,58
"s136","p530",306,1074,10,56
"s137","p530",1047,415,58,14
"s138","p530",268,1121,6,68
"s139","p530",1142,680,50,15
"s140","p530",874,221,45,9
"s141","p530",416,853,10,58
"s142","p530",1014,112,60,3
"s143","p530",344,1200,12,87
"s144","p530",257,1181,10,55
"s145","p530",1552,203,87,7
"s146","p530",1082,84,61,9
"s147","p530",158,1120,2,52
"s148","p530",843,78,58,2
"s149","p530",396,534,25,46
"s150","p530",718,80,48,3
"s151","p530",994,24,59,1
"s152","p530",201,906,9,51
"s153","p530",326,1252,15,52
"s154","p530",431,1257,14,73
"s155","p530",472,1516,17,80
"s156","p530",588,292,37,18
"s157","p530",373,829,10,55
"s158","p530",1037,269,71,11
"s159","p530",536,177,56,11
"s160","p530",472,1096,19,58
"s161","p530",402,101,39,5
"s162","p530",1023,179,70,13
"s163","p530",858,188,64,12
"s164","p530",288,771,16,60
"s165","p530",591,361,24,20
"s166","p530",955,545,44,35
"s167","p530",759,734,34,52
"s168","p530",444,539,22,37
"s169","p530",706,145,46,7
"s170","p530",307,505,6,41
"s171","p530",987,404,52,23
"s172","p530",826,475,48,32
"s173","p530",1201,324,55,20
"s174","p530",1225,372,57,29
"s175","p530",214,488,0,50
"s176","p530",194,742,7,38
"s177","p530",845,193,47,10
"s178","p530",479,1070,16,64
"s179","p530",365,677,20,48
"s180","p530",267,407,14,40
"s01","p736",216,153,19,8
"s02","p736",605,44,31,3
"s03","p736",672,70,27,5
"s04","p736",1438,122,69,17
"s05","p736",1632,323,59,19
"s06","p736",1018,155,41,8
"s07","p736",1413,407,47,19
"s08","p736",1183,198,34,8
"s09","p736",1185,205,45,18
"s10","p736",930,165,28,9
"s11","p736",1508,395,55,15
"s12","p736",1097,332,43,21
"s13","p736",1332,367,49,13
"s14","p736",1285,454,46,17
"s15","p736",1498,562,52,17
"s16","p736",840,318,33,13
"s17","p736",627,515,9,29
"s18","p736",561,765,16,52
"s19","p736",474,790,12,37
"s20","p736",336,594,8,29
"s21","p736",421,560,16,36
"s22","p736",345,656,7,44
"s23","p736",566,718,13,28
"s24","p736",399,799,13,43
"s25","p736",419,775,22,39
"s26","p736",287,599,9,22
"s27","p736",498,442,29,12
"s28","p736",751,340,30,13
"s29","p736",1148,507,54,13
"s30","p736",1258,587,53,24
"s31","p736",996,517,52,13
"s32","p736",1281,622,65,23
"s33","p736",1048,606,61,27
"s34","p736",1063,558,60,20
"s35","p736",1201,488,53,17
"s36","p736",807,509,49,13
"s37","p736",499,739,22,47
"s38","p736",422,703,16,34
"s39","p736",375,562,9,34
"s40","p736",514,685,17,47
"s41","p736",498,675,21,33
"s42","p736",323,617,16,34
"s43","p736",189,497,5,40
"s44","p736",237,704,7,32
"s45","p736",311,481,10,24
"s46","p736",435,642,19,48
"s47","p736",307,571,11,31
"s48","p736",408,691,15,34
"s49","p736",273,591,15,44
"s50","p736",307,529,7,31
"s51","p736",360,627,7,26
"s52","p736",520,696,20,39
"s53","p736",370,449,13,24
"s54","p736",704,686,61,23
"s55","p736",578,500,42,12
"s56","p736",827,644,48,25
"s57","p736",719,306,49,15
"s58","p736",589,315,45,11
"s59","p736",1005,447,58,19
"s60","p736",461,278,25,9
"s61","p736",603,440,45,21
"s62","p736",463,318,26,15
"s63","p736",420,356,33,12
"s64","p736",649,219,37,11
"s65","p736",702,340,36,19
"s66","p736",846,320,45,6
"s67","p736",625,326,34,10
"s68","p736",930,506,54,19
"s69","p736",713,386,45,12
"s70","p736",1152,444,64,19
"s71","p736",967,419,52,12
"s72","p736",929,411,58,15
"s73","p736",953,514,54,16
"s74","p736",444,252,26,12
"s75","p736",729,359,50,13
"s76","p736",441,474,19,47
"s77","p736",552,578,11,31
"s78","p736",362,561,9,27
"s79","p736",478,452,13,23
"s80","p736",458,512,17,36
"s81","p736",289,424,8,31
"s82","p736",473,750,8,51
"s83","p736",481,555,18,31
"s84","p736",547,630,17,35
"s85","p736",570,736,14,47
"s86","p736",476,710,10,42
"s87","p736",587,874,11,39
"s88","p736",487,652,13,40
"s89","p736",366,570,8,23
"s90","p736",466,724,16,40
"s91","p736",416,457,20,29
"s92","p736",396,579,13,28
"s93","p736",342,527,10,33
"s94","p736",380,593,7,34
"s95","p736",494,664,12,39
"s96","p736",559,747,13,40
"s97","p736",546,718,21,47
"s98","p736",290,560,17,41
"s99","p736",131,488,8,33
"s100","p736",376,693,11,40
"s101","p736",401,644,9,38
"s102","p736",366,586,18,23
"s103","p736",507,514,20,19
"s104","p736",428,434,23,17
"s105","p736",439,424,14,18
"s106","p736",559,462,24,19
"s107","p736",590,547,20,21
"s108","p736",600,567,21,23
"s109","p736",612,474,24,21
"s110","p736",604,491,26,20
"s111","p736",586,545,17,22
"s112","p736",378,435,24,13
"s113","p736",474,465,18,18
"s114","p736",679,540,26,24
"s115","p736",551,482,20,15
"s116","p736",1059,792,36,46
"s117","p736",1365,893,74,15
"s118","p736",835,430,50,7
"s119","p736",650,1169,12,76
"s120","p736",482,1286,4,68
"s121","p736",431,1170,13,67
"s122","p736",1126,789,67,2
"s123","p736",1127,213,47,2
"s124","p736",975,794,42,39
"s125","p736",1602,903,66,26
"s126","p736",882,1124,10,73
"s127","p736",1654,807,76,18
"s128","p736",656,413,50,7
"s129","p736",663,379,39,10
"s130","p736",525,327,41,6
"s131","p736",884,856,29,55
"s132","p736",596,378,56,8
"s133","p736",399,1693,2,87
"s134","p736",598,591,42,6
"s135","p736",972,324,43,5
"s136","p736",627,984,16,56
"s137","p736",441,1353,17,58
"s138","p736",718,1317,30,69
"s139","p736",987,657,43,16
"s140","p736",683,1510,12,73
"s141","p736",605,1383,8,62
"s142","p736",215,1140,3,52
"s143","p736",434,1579,11,81
"s144","p736",1169,1016,74,18
"s145","p736",410,1047,11,60
"s146","p736",763,714,39,24
"s147","p736",853,785,44,30
"s148","p736",275,747,17,41
"s149","p736",776,1118,31,52
"s150","p736",905,605,42,19
"s151","p736",447,1450,6,68
"s152","p736",965,478,83,6
"s153","p736",388,874,6,40
"s154","p736",433,967,5,48
"s155","p736",1211,637,69,7
"s156","p736",1490,729,72,13
"s157","p736",1283,1321,46,64
"s158","p736",855,669,62,4
"s159","p736",791,903,4,64
"s160","p736",263,324,35,24
"s161","p736",864,116,52,19
"s162","p736",357,809,22,45
"s163","p736",661,913,18,47
"s164","p736",650,795,20,37
"s165","p736",1206,1578,33,54
"s166","p736",1108,699,63,3
"s167","p736",1197,541,59,4
"s168","p736",814,237,63,6
"s169","p736",1605,550,78,6
"s170","p736",1155,1365,25,76
"s171","p736",1155,408,60,2
"s172","p736",931,248,60,7
"s173","p736",552,648,21,34
"s174","p736",1147,404,81,8
"s175","p736",700,923,18,50
"s176","p736",560,1204,15,54
"s177","p736",840,645,39,18
"s178","p736",483,789,4,59
"s179","p736",1545,635,81,8
"s180","p736",1046,399,38,7
