"session","bird","VIleft1","VIleft2","VIright1","VIright2","CPright","CPleft","dynamic_env","conditions_left","conditions_right","env_1","env_2"
"s01","p004",30,30,90,90,1018,1018,FALSE,"30_30","90_90","30_90","30_90"
"s02","p004",30,30,90,90,1530,1530,FALSE,"30_30","90_90","30_90","30_90"
"s03","p004",30,30,90,90,908,908,FALSE,"30_30","90_90","30_90","30_90"
"s04","p004",30,30,90,90,951,951,FALSE,"30_30","90_90","30_90","30_90"
"s05","p004",30,30,90,90,1364,1364,FALSE,"30_30","90_90","30_90","30_90"
"s06","p004",30,30,90,90,1146,1146,FALSE,"30_30","90_90","30_90","30_90"
"s07","p004",30,30,90,90,909,909,FALSE,"30_30","90_90","30_90","30_90"
"s08","p004",30,30,90,90,1178,1178,FALSE,"30_30","90_90","30_90","30_90"
"s09","p004",30,30,90,90,1603,1603,FALSE,"30_30","90_90","30_90","30_90"
"s10","p004",30,30,90,90,928,928,FALSE,"30_30","90_90","30_90","30_90"
"s11","p004",30,30,90,90,1988,1988,FALSE,"30_30","90_90","30_90","30_90"
"s12","p004",30,30,90,90,1281,1281,FALSE,"30_30","90_90","30_90","30_90"
"s13","p004",30,30,90,90,1601,1601,FALSE,"30_30","90_90","30_90","30_90"
"s14","p004",30,30,90,90,1222,1222,FALSE,"30_30","90_90","30_90","30_90"
"s15","p004",30,30,90,90,1975,1975,FALSE,"30_30","90_90","30_90","30_90"
"s16","p004",30,90,90,30,1169,1169,TRUE,"30_90","90_30","30_90","90_30"
"s17","p004",90,90,30,30,981,981,FALSE,"90_90","30_30","90_30","90_30"
"s18","p004",90,90,30,30,1148,1148,FALSE,"90_90","30_30","90_30","90_30"
"s19","p004",90,90,30,30,1471,1471,FALSE,"90_90","30_30","90_30","90_30"
"s20","p004",90,90,30,30,1400,1400,FALSE,"90_90","30_30","90_30","90_30"
"s21","p004",90,90,30,30,932,932,FALSE,"90_90","30_30","90_30","90_30"
"s22","p004",90,90,30,30,1341,1341,FALSE,"90_90","30_30","90_30","90_30"
"s23","p004",90,90,30,30,1454,1454,FALSE,"90_90","30_30","90_30","90_30"
"s24","p004",90,90,30,30,1297,1297,FALSE,"90_90","30_30","90_30","90_30"
"s25","p004",90,90,30,30,986,986,FALSE,"90_90","30_30","90_30","90_30"
"s26","p004",90,30,30,90,1177,1177,TRUE,"90_30","30_90","90_30","30_90"
"s27","p004",30,30,90,90,1623,1623,FALSE,"30_30","90_90","30_90","30_90"
"s28","p004",30,30,90,90,1495,1495,FALSE,"30_30","90_90","30_90","30_90"
"s29","p004",30,30,90,90,1121,1121,FALSE,"30_30","90_90","30_90","30_90"
"s30","p004",30,30,90,90,1864,1864,FALSE,"30_30","90_90","30_90","30_90"
"s31","p004",30,30,90,90,2023,2023,FALSE,"30_30","90_90","30_90","30_90"
"s32","p004",30,30,90,90,1803,1803,FALSE,"30_30","90_90","30_90","30_90"
"s33","p004",30,30,90,90,1220,1220,FALSE,"30_30","90_90","30_90","30_90"
"s34","p004",30,30,90,90,1340,1340,FALSE,"30_30","90_90","30_90","30_90"
"s35","p004",30,30,90,90,1056,1056,FALSE,"30_30","90_90","30_90","30_90"
"s36","p004",30,90,90,30,1327,1327,TRUE,"30_90","90_30","30_90","90_30"
"s37","p004",90,90,30,30,1351,1351,FALSE,"90_90","30_30","90_30","90_30"
"s38","p004",90,90,30,30,1299,1299,FALSE,"90_90","30_30","90_30","90_30"
"s39","p004",90,90,30,30,983,983,FALSE,"90_90","30_30","90_30","90_30"
"s40","p004",90,90,30,30,1446,1446,FALSE,"90_90","30_30","90_30","90_30"
"s41","p004",90,90,30,30,1299,1299,FALSE,"90_90","30_30","90_30","90_30"
"s42","p004",90,90,30,30,1363,1363,FALSE,"90_90","30_30","90_30","90_30"
"s43","p004",90,90,30,30,937,937,FALSE,"90_90","30_30","90_30","90_30"
"s44","p004",90,90,30,30,1206,1206,FALSE,"90_90","30_30","90_30","90_30"
"s45","p004",90,90,30,30,1467,1467,FALSE,"90_90","30_30","90_30","90_30"
"s46","p004",90,90,30,30,1183,1183,FALSE,"90_90","30_30","90_30","90_30"
"s47","p004",90,90,30,30,1065,1065,FALSE,"90_90","30_30","90_30","90_30"
"s48","p004",90,90,30,30,1299,1299,FALSE,"90_90","30_30","90_30","90_30"
"s49","p004",90,90,30,30,984,984,FALSE,"90_90","30_30","90_30","90_30"
"s50","p004",90,90,30,30,1228,1228,FALSE,"90_90","30_30","90_30","90_30"
"s51","p004",90,90,30,30,1198,1198,FALSE,"90_90","30_30","90_30","90_30"
"s52","p004",90,90,30,30,1133,1133,FALSE,"90_90","30_30","90_30","90_30"
"s53","p004",90,30,30,90,1110,1110,TRUE,"90_30","30_90","90_30","30_90"
"s54","p004",30,30,90,90,1342,1342,FALSE,"30_30","90_90","30_90","30_90"
"s55","p004",30,30,90,90,1935,1935,FALSE,"30_30","90_90","30_90","30_90"
"s56","p004",30,30,90,90,2066,2066,FALSE,"30_30","90_90","30_90","30_90"
"s57","p004",30,30,90,90,1937,1937,FALSE,"30_30","90_90","30_90","30_90"
"s58","p004",30,30,90,90,1966,1966,FALSE,"30_30","90_90","30_90","30_90"
"s59","p004",30,30,90,90,1897,1897,FALSE,"30_30","90_90","30_90","30_90"
"s60","p004",30,30,90,90,1498,1498,FALSE,"30_30","90_90","30_90","30_90"
"s61","p004",30,30,90,90,1408,1408,FALSE,"30_30","90_90","30_90","30_90"
"s62","p004",30,30,90,90,1798,1798,FALSE,"30_30","90_90","30_90","30_90"
"s63","p004",30,30,90,90,1356,1356,FALSE,"30_30","90_90","30_90","30_90"
"s64","p004",30,30,90,90,2025,2025,FALSE,"30_30","90_90","30_90","30_90"
"s65","p004",30,30,90,90,1532,1532,FALSE,"30_30","90_90","30_90","30_90"
"s66","p004",30,30,90,90,1782,1782,FALSE,"30_30","90_90","30_90","30_90"
"s67","p004",30,30,90,90,1488,1488,FALSE,"30_30","90_90","30_90","30_90"
"s68","p004",30,30,90,90,1875,1875,FALSE,"30_30","90_90","30_90","30_90"
"s69","p004",30,30,90,90,1702,1702,FALSE,"30_30","90_90","30_90","30_90"
"s70","p004",30,30,90,90,1713,1713,FALSE,"30_30","90_90","30_90","30_90"
"s71","p004",30,30,90,90,1168,1168,FALSE,"30_30","90_90","30_90","30_90"
"s72","p004",30,30,90,90,1794,1794,FALSE,"30_30","90_90","30_90","30_90"
"s73","p004",30,30,90,90,1618,1618,FALSE,"30_30","90_90","30_90","30_90"
"s74","p004",30,30,90,90,1517,1517,FALSE,"30_30","90_90","30_90","30_90"
"s75","p004",30,90,90,30,1042,1042,TRUE,"30_90","90_30","30_90","90_30"
"s76","p004",90,90,30,30,1245,1245,FALSE,"90_90","30_30","90_30","90_30"
"s77","p004",90,90,30,30,1300,1300,FALSE,"90_90","30_30","90_30","90_30"
"s78","p004",90,90,30,30,1414,1414,FALSE,"90_90","30_30","90_30","90_30"
"s79","p004",90,90,30,30,1486,1486,FALSE,"90_90","30_30","90_30","90_30"
"s80","p004",90,90,30,30,1202,1202,FALSE,"90_90","30_30","90_30","90_30"
"s81","p004",90,90,30,30,1161,1161,FALSE,"90_90","30_30","90_30","90_30"
"s82","p004",90,90,30,30,1345,1345,FALSE,"90_90","30_30","90_30","90_30"
"s83","p004",90,90,30,30,1341,1341,FALSE,"90_90","30_30","90_30","90_30"
"s84","p004",90,90,30,30,1373,1373,FALSE,"90_90","30_30","90_30","90_30"
"s85","p004",90,90,30,30,1441,1441,FALSE,"90_90","30_30","90_30","90_30"
"s86","p004",90,90,30,30,946,946,FALSE,"90_90","30_30","90_30","90_30"
"s87","p004",90,90,30,30,1125,1125,FALSE,"90_90","30_30","90_30","90_30"
"s88","p004",90,90,30,30,1433,1433,FALSE,"90_90","30_30","90_30","90_30"
"s89","p004",90,90,30,30,1344,1344,FALSE,"90_90","30_30","90_30","90_30"
"s90","p004",90,90,30,30,1145,1145,FALSE,"90_90","30_30","90_30","90_30"
"s91","p004",90,90,30,30,986,986,FALSE,"90_90","30_30","90_30","90_30"
"s92","p004",90,90,30,30,937,937,FALSE,"90_90","30_30","90_30","90_30"
"s93","p004",90,90,30,30,1472,1472,FALSE,"90_90","30_30","90_30","90_30"
"s94","p004",90,90,30,30,1367,1367,FALSE,"90_90","30_30","90_30","90_30"
"s95","p004",90,90,30,30,1354,1354,FALSE,"90_90","30_30","90_30","90_30"
"s96","p004",90,90,30,30,914,914,FALSE,"90_90","30_30","90_30","90_30"
"s97","p004",90,90,30,30,908,908,FALSE,"90_90","30_30","90_30","90_30"
"s98","p004",90,90,30,30,1032,1032,FALSE,"90_90","30_30","90_30","90_30"
"s99","p004",90,90,30,30,1421,1421,FALSE,"90_90","30_30","90_30","90_30"
"s100","p004",90,90,30,30,1294,1294,FALSE,"90_90","30_30","90_30","90_30"
"s101","p004",90,45,30,45,1085,1085,TRUE,"90_45","30_45","90_30","45_45"
"s102","p004",45,45,45,45,1092,1092,FALSE,"45_45","45_45","45_45","45_45"
"s103","p004",45,45,45,45,1173,1173,FALSE,"45_45","45_45","45_45","45_45"
"s104","p004",45,45,45,45,1069,1069,FALSE,"45_45","45_45","45_45","45_45"
"s105","p004",45,45,45,45,1040,1040,FALSE,"45_45","45_45","45_45","45_45"
"s106","p004",45,45,45,45,991,991,FALSE,"45_45","45_45","45_45","45_45"
"s107","p004",45,45,45,45,1172,1172,FALSE,"45_45","45_45","45_45","45_45"
"s108","p004",45,45,45,45,1062,1062,FALSE,"45_45","45_45","45_45","45_45"
"s109","p004",45,45,45,45,967,967,FALSE,"45_45","45_45","45_45","45_45"
"s110","p004",45,45,45,45,1003,1003,FALSE,"45_45","45_45","45_45","45_45"
"s111","p004",45,45,45,45,1169,1169,FALSE,"45_45","45_45","45_45","45_45"
"s112","p004",45,45,45,45,960,960,FALSE,"45_45","45_45","45_45","45_45"
"s113","p004",45,45,45,45,978,978,FALSE,"45_45","45_45","45_45","45_45"
"s114","p004",45,45,45,45,960,960,FALSE,"45_45","45_45","45_45","45_45"
"s115","p004",45,45,45,45,1152,1152,FALSE,"45_45","45_45","45_45","45_45"
"s116","p004",45,45,45,45,1891,1891,FALSE,"45_45","45_45","45_45","45_45"
"s117","p004",45,25,45,225,2193,2193,TRUE,"45_25","45_225","45_45","25_225"
"s118","p004",25,25,225,225,1543,1543,FALSE,"25_25","225_225","25_225","25_225"
"s119","p004",25,25,225,225,1448,1448,FALSE,"25_25","225_225","25_225","25_225"
"s120","p004",25,25,225,225,2238,2238,FALSE,"25_25","225_225","25_225","25_225"
"s121","p004",25,25,225,225,1250,1250,FALSE,"25_25","225_225","25_225","25_225"
"s122","p004",25,25,225,225,1922,1922,FALSE,"25_25","225_225","25_225","25_225"
"s123","p004",25,25,225,225,1791,1791,FALSE,"25_25","225_225","25_225","25_225"
"s124","p004",25,135,225,27,1320,1320,TRUE,"25_135","225_27","25_225","135_27"
"s125","p004",135,35,27,63,1526,1526,TRUE,"135_35","27_63","135_27","35_63"
"s126","p004",35,135,63,27,2200,2200,TRUE,"35_135","63_27","35_63","135_27"
"s127","p004",135,25,27,225,1431,1431,TRUE,"135_25","27_225","135_27","25_225"
"s128","p004",25,25,225,225,2287,2287,FALSE,"25_25","225_225","25_225","25_225"
"s129","p004",25,225,225,25,1952,1952,TRUE,"25_225","225_25","25_225","225_25"
"s130","p004",225,25,25,225,2072,2072,TRUE,"225_25","25_225","225_25","25_225"
"s131","p004",25,63,225,35,1208,1208,TRUE,"25_63","225_35","25_225","63_35"
"s132","p004",63,24,35,360,2218,2218,TRUE,"63_24","35_360","63_35","24_360"
"s133","p004",24,24,360,360,1289,1289,FALSE,"24_24","360_360","24_360","24_360"
"s134","p004",24,24,360,360,1739,1739,FALSE,"24_24","360_360","24_360","24_360"
"s135","p004",24,90,360,30,1526,1526,TRUE,"24_90","360_30","24_360","90_30"
"s136","p004",90,25,30,225,2034,2034,TRUE,"90_25","30_225","90_30","25_225"
"s137","p004",25,63,225,35,1325,1325,TRUE,"25_63","225_35","25_225","63_35"
"s138","p004",63,63,35,35,1277,1277,FALSE,"63_63","35_35","63_35","63_35"
"s139","p004",63,63,35,35,2319,2319,FALSE,"63_63","35_35","63_35","63_35"
"s140","p004",63,24,35,360,2346,2346,TRUE,"63_24","35_360","63_35","24_360"
"s141","p004",24,24,360,360,1835,1835,FALSE,"24_24","360_360","24_360","24_360"
"s142","p004",24,360,360,24,1773,1773,TRUE,"24_360","360_24","24_360","360_24"
"s143","p004",360,27,24,135,1547,1547,TRUE,"360_27","24_135","360_24","27_135"
"s144","p004",27,135,135,27,1388,1388,TRUE,"27_135","135_27","27_135","135_27"
"s145","p004",135,135,27,27,1752,1752,FALSE,"135_135","27_27","135_27","135_27"
"s146","p004",135,135,27,27,2025,2025,FALSE,"135_135","27_27","135_27","135_27"
"s147","p004",135,135,27,27,2176,2176,FALSE,"135_135","27_27","135_27","135_27"
"s148","p004",135,35,27,63,1259,1259,TRUE,"135_35","27_63","135_27","35_63"
"s149","p004",35,225,63,25,1728,1728,TRUE,"35_225","63_25","35_63","225_25"
"s150","p004",225,24,25,360,1426,1426,TRUE,"225_24","25_360","225_25","24_360"
"s151","p004",24,135,360,27,1726,1726,TRUE,"24_135","360_27","24_360","135_27"
"s152","p004",135,135,27,27,2219,2219,FALSE,"135_135","27_27","135_27","135_27"
"s153","p004",135,135,27,27,2179,2179,FALSE,"135_135","27_27","135_27","135_27"
"s154","p004",135,30,27,90,1766,1766,TRUE,"135_30","27_90","135_27","30_90"
"s155","p004",30,360,90,24,2284,2284,TRUE,"30_360","90_24","30_90","360_24"
"s156","p004",360,360,24,24,2325,2325,FALSE,"360_360","24_24","360_24","360_24"
"s157","p004",360,360,24,24,1395,1395,FALSE,"360_360","24_24","360_24","360_24"
"s158","p004",360,30,24,90,2342,2342,TRUE,"360_30","24_90","360_24","30_90"
"s159","p004",30,63,90,35,1430,1430,TRUE,"30_63","90_35","30_90","63_35"
"s160","p004",63,63,35,35,1208,1208,FALSE,"63_63","35_35","63_35","63_35"
"s161","p004",63,30,35,90,1717,1717,TRUE,"63_30","35_90","63_35","30_90"
"s162","p004",30,360,90,24,2203,2203,TRUE,"30_360","90_24","30_90","360_24"
"s163","p004",360,360,24,24,1326,1326,FALSE,"360_360","24_24","360_24","360_24"
"s164","p004",360,35,24,63,1283,1283,TRUE,"360_35","24_63","360_24","35_63"
"s165","p004",35,63,63,35,1715,1715,TRUE,"35_63","63_35","35_63","63_35"
"s166","p004",63,63,35,35,1527,1527,FALSE,"63_63","35_35","63_35","63_35"
"s167","p004",63,24,35,360,1594,1594,TRUE,"63_24","35_360","63_35","24_360"
"s168","p004",24,63,360,35,2373,2373,TRUE,"24_63","360_35","24_360","63_35"
"s169","p004",63,25,35,225,1981,1981,TRUE,"63_25","35_225","63_35","25_225"
"s170","p004",25,25,225,225,2148,2148,FALSE,"25_25","225_225","25_225","25_225"
"s171","p004",25,360,225,24,1758,1758,TRUE,"25_360","225_24","25_225","360_24"
"s172","p004",360,35,24,63,1547,1547,TRUE,"360_35","24_63","360_24","35_63"
"s173","p004",35,135,63,27,2165,2165,TRUE,"35_135","63_27","35_63","135_27"
"s174","p004",135,135,27,27,2139,2139,FALSE,"135_135","27_27","135_27","135_27"
"s175","p004",135,135,27,27,2326,2326,FALSE,"135_135","27_27","135_27","135_27"
"s176","p004",135,27,27,135,1415,1415,TRUE,"135_27","27_135","135_27","27_135"
"s177","p004",27,27,135,135,1255,1255,FALSE,"27_27","135_135","27_135","27_135"
"s178","p004",27,135,135,27,2057,2057,TRUE,"27_135","135_27","27_135","135_27"
"s179","p004",135,135,27,27,1413,1413,FALSE,"135_135","27_27","135_27","135_27"
"s180","p004",135,Inf,27,Inf,1378,1378,TRUE,"135_Inf","27_Inf","135_27","Inf_Inf"
"s01","p054",30,30,90,90,1829,1829,FALSE,"30_30","90_90","30_90","30_90"
"s02","p054",30,30,90,90,1727,1727,FALSE,"30_30","90_90","30_90","30_90"
"s03","p054",30,30,90,90,976,976,FALSE,"30_30","90_90","30_90","30_90"
"s04","p054",30,30,90,90,992,992,FALSE,"30_30","90_90","30_90","30_90"
"s05","p054",30,30,90,90,1154,1154,FALSE,"30_30","90_90","30_90","30_90"
"s06","p054",30,30,90,90,1541,1541,FALSE,"30_30","90_90","30_90","30_90"
"s07","p054",30,30,90,90,1035,1035,FALSE,"30_30","90_90","30_90","30_90"
"s08","p054",30,30,90,90,2060,2060,FALSE,"30_30","90_90","30_90","30_90"
"s09","p054",30,30,90,90,1390,1390,FALSE,"30_30","90_90","30_90","30_90"
"s10","p054",30,30,90,90,1452,1452,FALSE,"30_30","90_90","30_90","30_90"
"s11","p054",30,30,90,90,1378,1378,FALSE,"30_30","90_90","30_90","30_90"
"s12","p054",30,30,90,90,2035,2035,FALSE,"30_30","90_90","30_90","30_90"
"s13","p054",30,30,90,90,1682,1682,FALSE,"30_30","90_90","30_90","30_90"
"s14","p054",30,30,90,90,1794,1794,FALSE,"30_30","90_90","30_90","30_90"
"s15","p054",30,30,90,90,992,992,FALSE,"30_30","90_90","30_90","30_90"
"s16","p054",30,90,90,30,1358,1358,TRUE,"30_90","90_30","30_90","90_30"
"s17","p054",90,90,30,30,1413,1413,FALSE,"90_90","30_30","90_30","90_30"
"s18","p054",90,90,30,30,1242,1242,FALSE,"90_90","30_30","90_30","90_30"
"s19","p054",90,90,30,30,973,973,FALSE,"90_90","30_30","90_30","90_30"
"s20","p054",90,90,30,30,1481,1481,FALSE,"90_90","30_30","90_30","90_30"
"s21","p054",90,90,30,30,1387,1387,FALSE,"90_90","30_30","90_30","90_30"
"s22","p054",90,90,30,30,1439,1439,FALSE,"90_90","30_30","90_30","90_30"
"s23","p054",90,90,30,30,920,920,FALSE,"90_90","30_30","90_30","90_30"
"s24","p054",90,90,30,30,1201,1201,FALSE,"90_90","30_30","90_30","90_30"
"s25","p054",90,90,30,30,1143,1143,FALSE,"90_90","30_30","90_30","90_30"
"s26","p054",90,30,30,90,1160,1160,TRUE,"90_30","30_90","90_30","30_90"
"s27","p054",30,30,90,90,1514,1514,FALSE,"30_30","90_90","30_90","30_90"
"s28","p054",30,30,90,90,1706,1706,FALSE,"30_30","90_90","30_90","30_90"
"s29","p054",30,30,90,90,1679,1679,FALSE,"30_30","90_90","30_90","30_90"
"s30","p054",30,30,90,90,929,929,FALSE,"30_30","90_90","30_90","30_90"
"s31","p054",30,30,90,90,1804,1804,FALSE,"30_30","90_90","30_90","30_90"
"s32","p054",30,30,90,90,939,939,FALSE,"30_30","90_90","30_90","30_90"
"s33","p054",30,30,90,90,1915,1915,FALSE,"30_30","90_90","30_90","30_90"
"s34","p054",30,30,90,90,1367,1367,FALSE,"30_30","90_90","30_90","30_90"
"s35","p054",30,30,90,90,1322,1322,FALSE,"30_30","90_90","30_90","30_90"
"s36","p054",30,90,90,30,1494,1494,TRUE,"30_90","90_30","30_90","90_30"
"s37","p054",90,90,30,30,1279,1279,FALSE,"90_90","30_30","90_30","90_30"
"s38","p054",90,90,30,30,1187,1187,FALSE,"90_90","30_30","90_30","90_30"
"s39","p054",90,90,30,30,1119,1119,FALSE,"90_90","30_30","90_30","90_30"
"s40","p054",90,90,30,30,935,935,FALSE,"90_90","30_30","90_30","90_30"
"s41","p054",90,90,30,30,1338,1338,FALSE,"90_90","30_30","90_30","90_30"
"s42","p054",90,90,30,30,1290,1290,FALSE,"90_90","30_30","90_30","90_30"
"s43","p054",90,90,30,30,1455,1455,FALSE,"90_90","30_30","90_30","90_30"
"s44","p054",90,90,30,30,1414,1414,FALSE,"90_90","30_30","90_30","90_30"
"s45","p054",90,90,30,30,1424,1424,FALSE,"90_90","30_30","90_30","90_30"
"s46","p054",90,90,30,30,1371,1371,FALSE,"90_90","30_30","90_30","90_30"
"s47","p054",90,90,30,30,1101,1101,FALSE,"90_90","30_30","90_30","90_30"
"s48","p054",90,90,30,30,1046,1046,FALSE,"90_90","30_30","90_30","90_30"
"s49","p054",90,90,30,30,1033,1033,FALSE,"90_90","30_30","90_30","90_30"
"s50","p054",90,90,30,30,962,962,FALSE,"90_90","30_30","90_30","90_30"
"s51","p054",90,90,30,30,987,987,FALSE,"90_90","30_30","90_30","90_30"
"s52","p054",90,90,30,30,1387,1387,FALSE,"90_90","30_30","90_30","90_30"
"s53","p054",90,30,30,90,986,986,TRUE,"90_30","30_90","90_30","30_90"
"s54","p054",30,30,90,90,1864,1864,FALSE,"30_30","90_90","30_90","30_90"
"s55","p054",30,30,90,90,1646,1646,FALSE,"30_30","90_90","30_90","30_90"
"s56","p054",30,30,90,90,1318,1318,FALSE,"30_30","90_90","30_90","30_90"
"s57","p054",30,30,90,90,1978,1978,FALSE,"30_30","90_90","30_90","30_90"
"s58","p054",30,30,90,90,1512,1512,FALSE,"30_30","90_90","30_90","30_90"
"s59","p054",30,30,90,90,1363,1363,FALSE,"30_30","90_90","30_90","30_90"
"s60","p054",30,30,90,90,1522,1522,FALSE,"30_30","90_90","30_90","30_90"
"s61","p054",30,30,90,90,958,958,FALSE,"30_30","90_90","30_90","30_90"
"s62","p054",30,30,90,90,928,928,FALSE,"30_30","90_90","30_90","30_90"
"s63","p054",30,30,90,90,1538,1538,FALSE,"30_30","90_90","30_90","30_90"
"s64","p054",30,30,90,90,1010,1010,FALSE,"30_30","90_90","30_90","30_90"
"s65","p054",30,30,90,90,1226,1226,FALSE,"30_30","90_90","30_90","30_90"
"s66","p054",30,30,90,90,2093,2093,FALSE,"30_30","90_90","30_90","30_90"
"s67","p054",30,30,90,90,1643,1643,FALSE,"30_30","90_90","30_90","30_90"
"s68","p054",30,30,90,90,1758,1758,FALSE,"30_30","90_90","30_90","30_90"
"s69","p054",30,30,90,90,1774,1774,FALSE,"30_30","90_90","30_90","30_90"
"s70","p054",30,30,90,90,1245,1245,FALSE,"30_30","90_90","30_90","30_90"
"s71","p054",30,30,90,90,1583,1583,FALSE,"30_30","90_90","30_90","30_90"
"s72","p054",30,30,90,90,1323,1323,FALSE,"30_30","90_90","30_90","30_90"
"s73","p054",30,30,90,90,1531,1531,FALSE,"30_30","90_90","30_90","30_90"
"s74","p054",30,30,90,90,1715,1715,FALSE,"30_30","90_90","30_90","30_90"
"s75","p054",30,90,90,30,1054,1054,TRUE,"30_90","90_30","30_90","90_30"
"s76","p054",90,90,30,30,1124,1124,FALSE,"90_90","30_30","90_30","90_30"
"s77","p054",90,90,30,30,1475,1475,FALSE,"90_90","30_30","90_30","90_30"
"s78","p054",90,90,30,30,1453,1453,FALSE,"90_90","30_30","90_30","90_30"
"s79","p054",90,90,30,30,1011,1011,FALSE,"90_90","30_30","90_30","90_30"
"s80","p054",90,90,30,30,1179,1179,FALSE,"90_90","30_30","90_30","90_30"
"s81","p054",90,90,30,30,1362,1362,FALSE,"90_90","30_30","90_30","90_30"
"s82","p054",90,90,30,30,1158,1158,FALSE,"90_90","30_30","90_30","90_30"
"s83","p054",90,90,30,30,1433,1433,FALSE,"90_90","30_30","90_30","90_30"
"s84","p054",90,90,30,30,1226,1226,FALSE,"90_90","30_30","90_30","90_30"
"s85","p054",90,90,30,30,1154,1154,FALSE,"90_90","30_30","90_30","90_30"
"s86","p054",90,90,30,30,969,969,FALSE,"90_90","30_30","90_30","90_30"
"s87","p054",90,90,30,30,1388,1388,FALSE,"90_90","30_30","90_30","90_30"
"s88","p054",90,90,30,30,1328,1328,FALSE,"90_90","30_30","90_30","90_30"
"s89","p054",90,90,30,30,1384,1384,FALSE,"90_90","30_30","90_30","90_30"
"s90","p054",90,90,30,30,1455,1455,FALSE,"90_90","30_30","90_30","90_30"
"s91","p054",90,90,30,30,1449,1449,FALSE,"90_90","30_30","90_30","90_30"
"s92","p054",90,90,30,30,904,904,FALSE,"90_90","30_30","90_30","90_30"
"s93","p054",90,90,30,30,1007,1007,FALSE,"90_90","30_30","90_30","90_30"
"s94","p054",90,90,30,30,1467,1467,FALSE,"90_90","30_30","90_30","90_30"
"s95","p054",90,90,30,30,1172,1172,FALSE,"90_90","30_30","90_30","90_30"
"s96","p054",90,90,30,30,1420,1420,FALSE,"90_90","30_30","90_30","90_30"
"s97","p054",90,90,30,30,977,977,FALSE,"90_90","30_30","90_30","90_30"
"s98","p054",90,90,30,30,1298,1298,FALSE,"90_90","30_30","90_30","90_30"
"s99","p054",90,90,30,30,1376,1376,FALSE,"90_90","30_30","90_30","90_30"
"s100","p054",90,90,30,30,1449,1449,FALSE,"90_90","30_30","90_30","90_30"
"s101","p054",90,45,30,45,1055,1055,TRUE,"90_45","30_45","90_30","45_45"
"s102","p054",45,45,45,45,1162,1162,FALSE,"45_45","45_45","45_45","45_45"
"s103","p054",45,45,45,45,1149,1149,FALSE,"45_45","45_45","45_45","45_45"
"s104","p054",45,45,45,45,1046,1046,FALSE,"45_45","45_45","45_45","45_45"
"s105","p054",45,45,45,45,978,978,FALSE,"45_45","45_45","45_45","45_45"
"s106","p054",45,45,45,45,1073,1073,FALSE,"45_45","45_45","45_45","45_45"
"s107","p054",45,45,45,45,1020,1020,FALSE,"45_45","45_45","45_45","45_45"
"s108","p054",45,45,45,45,1084,1084,FALSE,"45_45","45_45","45_45","45_45"
"s109","p054",45,45,45,45,918,918,FALSE,"45_45","45_45","45_45","45_45"
"s110","p054",45,45,45,45,901,901,FALSE,"45_45","45_45","45_45","45_45"
"s111","p054",45,45,45,45,1071,1071,FALSE,"45_45","45_45","45_45","45_45"
"s112","p054",45,45,45,45,1139,1139,FALSE,"45_45","45_45","45_45","45_45"
"s113","p054",45,45,45,45,1099,1099,FALSE,"45_45","45_45","45_45","45_45"
"s114","p054",45,45,45,45,1041,1041,FALSE,"45_45","45_45","45_45","45_45"
"s115","p054",45,45,45,45,1034,1034,FALSE,"45_45","45_45","45_45","45_45"
"s116","p054",45,45,45,45,1517,1517,FALSE,"45_45","45_45","45_45","45_45"
"s117","p054",45,30,45,90,1691,1691,TRUE,"45_30","45_90","45_45","30_90"
"s118","p054",30,225,90,25,1733,1733,TRUE,"30_225","90_25","30_90","225_25"
"s119","p054",225,225,25,25,1458,1458,FALSE,"225_225","25_25","225_25","225_25"
"s120","p054",225,225,25,25,1208,1208,FALSE,"225_225","25_25","225_25","225_25"
"s121","p054",225,225,25,25,1358,1358,FALSE,"225_225","25_25","225_25","225_25"
"s122","p054",225,225,25,25,2232,2232,FALSE,"225_225","25_25","225_25","225_25"
"s123","p054",225,225,25,25,2035,2035,FALSE,"225_225","25_25","225_25","225_25"
"s124","p054",225,24,25,360,1452,1452,TRUE,"225_24","25_360","225_25","24_360"
"s125","p054",24,360,360,24,1904,1904,TRUE,"24_360","360_24","24_360","360_24"
"s126","p054",360,25,24,225,1904,1904,TRUE,"360_25","24_225","360_24","25_225"
"s127","p054",25,135,225,27,1833,1833,TRUE,"25_135","225_27","25_225","135_27"
"s128","p054",135,135,27,27,1488,1488,FALSE,"135_135","27_27","135_27","135_27"
"s129","p054",135,135,27,27,2173,2173,FALSE,"135_135","27_27","135_27","135_27"
"s130","p054",135,30,27,90,2016,2016,TRUE,"135_30","27_90","135_27","30_90"
"s131","p054",30,90,90,30,1533,1533,TRUE,"30_90","90_30","30_90","90_30"
"s132","p054",90,30,30,90,1985,1985,TRUE,"90_30","30_90","90_30","30_90"
"s133","p054",30,30,90,90,2185,2185,FALSE,"30_30","90_90","30_90","30_90"
"s134","p054",30,225,90,25,1934,1934,TRUE,"30_225","90_25","30_90","225_25"
"s135","p054",225,27,25,135,1775,1775,TRUE,"225_27","25_135","225_25","27_135"
"s136","p054",27,27,135,135,2330,2330,FALSE,"27_27","135_135","27_135","27_135"
"s137","p054",27,27,135,135,1692,1692,FALSE,"27_27","135_135","27_135","27_135"
"s138","p054",27,27,135,135,2007,2007,FALSE,"27_27","135_135","27_135","27_135"
"s139","p054",27,27,135,135,1299,1299,FALSE,"27_27","135_135","27_135","27_135"
"s140","p054",27,27,135,135,1624,1624,FALSE,"27_27","135_135","27_135","27_135"
"s141","p054",27,360,135,24,1925,1925,TRUE,"27_360","135_24","27_135","360_24"
"s142","p054",360,360,24,24,1567,1567,FALSE,"360_360","24_24","360_24","360_24"
"s143","p054",360,360,24,24,2197,2197,FALSE,"360_360","24_24","360_24","360_24"
"s144","p054",360,360,24,24,1610,1610,FALSE,"360_360","24_24","360_24","360_24"
"s145","p054",360,24,24,360,1615,1615,TRUE,"360_24","24_360","360_24","24_360"
"s146","p054",24,135,360,27,2117,2117,TRUE,"24_135","360_27","24_360","135_27"
"s147","p054",135,35,27,63,1806,1806,TRUE,"135_35","27_63","135_27","35_63"
"s148","p054",35,225,63,25,1929,1929,TRUE,"35_225","63_25","35_63","225_25"
"s149","p054",225,225,25,25,2343,2343,FALSE,"225_225","25_25","225_25","225_25"
"s150","p054",225,225,25,25,1231,1231,FALSE,"225_225","25_25","225_25","225_25"
"s151","p054",225,25,25,225,2002,2002,TRUE,"225_25","25_225","225_25","25_225"
"s152","p054",25,63,225,35,2045,2045,TRUE,"25_63","225_35","25_225","63_35"
"s153","p054",63,63,35,35,2133,2133,FALSE,"63_63","35_35","63_35","63_35"
"s154","p054",63,63,35,35,1737,1737,FALSE,"63_63","35_35","63_35","63_35"
"s155","p054",63,63,35,35,1817,1817,FALSE,"63_63","35_35","63_35","63_35"
"s156","p054",63,63,35,35,2235,2235,FALSE,"63_63","35_35","63_35","63_35"
"s157","p054",63,63,35,35,1532,1532,FALSE,"63_63","35_35","63_35","63_35"
"s158","p054",63,63,35,35,2069,2069,FALSE,"63_63","35_35","63_35","63_35"
"s159","p054",63,24,35,360,1536,1536,TRUE,"63_24","35_360","63_35","24_360"
"s160","p054",24,24,360,360,1534,1534,FALSE,"24_24","360_360","24_360","24_360"
"s161","p054",24,24,360,360,1795,1795,FALSE,"24_24","360_360","24_360","24_360"
"s162","p054",24,90,360,30,1372,1372,TRUE,"24_90","360_30","24_360","90_30"
"s163","p054",90,90,30,30,2145,2145,FALSE,"90_90","30_30","90_30","90_30"
"s164","p054",90,24,30,360,1825,1825,TRUE,"90_24","30_360","90_30","24_360"
"s165","p054",24,24,360,360,1790,1790,FALSE,"24_24","360_360","24_360","24_360"
"s166","p054",24,24,360,360,1294,1294,FALSE,"24_24","360_360","24_360","24_360"
"s167","p054",24,63,360,35,1727,1727,TRUE,"24_63","360_35","24_360","63_35"
"s168","p054",63,30,35,90,1417,1417,TRUE,"63_30","35_90","63_35","30_90"
"s169","p054",30,360,90,24,1526,1526,TRUE,"30_360","90_24","30_90","360_24"
"s170","p054",360,360,24,24,2180,2180,FALSE,"360_360","24_24","360_24","360_24"
"s171","p054",360,30,24,90,1870,1870,TRUE,"360_30","24_90","360_24","30_90"
"s172","p054",30,30,90,90,1477,1477,FALSE,"30_30","90_90","30_90","30_90"
"s173","p054",30,30,90,90,1347,1347,FALSE,"30_30","90_90","30_90","30_90"
"s174","p054",30,90,90,30,1787,1787,TRUE,"30_90","90_30","30_90","90_30"
"s175","p054",90,90,30,30,1736,1736,FALSE,"90_90","30_30","90_30","90_30"
"s176","p054",90,90,30,30,1984,1984,FALSE,"90_90","30_30","90_30","90_30"
"s177","p054",90,27,30,135,2009,2009,TRUE,"90_27","30_135","90_30","27_135"
"s178","p054",27,135,135,27,1822,1822,TRUE,"27_135","135_27","27_135","135_27"
"s179","p054",135,135,27,27,1623,1623,FALSE,"135_135","27_27","135_27","135_27"
"s180","p054",135,Inf,27,Inf,1313,1313,TRUE,"135_Inf","27_Inf","135_27","Inf_Inf"
"s01","p138",30,30,90,90,1534,1534,FALSE,"30_30","90_90","30_90","30_90"
"s02","p138",30,30,90,90,1353,1353,FALSE,"30_30","90_90","30_90","30_90"
"s03","p138",30,30,90,90,1419,1419,FALSE,"30_30","90_90","30_90","30_90"
"s04","p138",30,30,90,90,2020,2020,FALSE,"30_30","90_90","30_90","30_90"
"s05","p138",30,30,90,90,1756,1756,FALSE,"30_30","90_90","30_90","30_90"
"s06","p138",30,30,90,90,1871,1871,FALSE,"30_30","90_90","30_90","30_90"
"s07","p138",30,30,90,90,1247,1247,FALSE,"30_30","90_90","30_90","30_90"
"s08","p138",30,30,90,90,986,986,FALSE,"30_30","90_90","30_90","30_90"
"s09","p138",30,30,90,90,2005,2005,FALSE,"30_30","90_90","30_90","30_90"
"s10","p138",30,30,90,90,1127,1127,FALSE,"30_30","90_90","30_90","30_90"
"s11","p138",30,30,90,90,1895,1895,FALSE,"30_30","90_90","30_90","30_90"
"s12","p138",30,30,90,90,1279,1279,FALSE,"30_30","90_90","30_90","30_90"
"s13","p138",30,30,90,90,1433,1433,FALSE,"30_30","90_90","30_90","30_90"
"s14","p138",30,30,90,90,1176,1176,FALSE,"30_30","90_90","30_90","30_90"
"s15","p138",30,30,90,90,1839,1839,FALSE,"30_30","90_90","30_90","30_90"
"s16","p138",30,90,90,30,1332,1332,TRUE,"30_90","90_30","30_90","90_30"
"s17","p138",90,90,30,30,1149,1149,FALSE,"90_90","30_30","90_30","90_30"
"s18","p138",90,90,30,30,1215,1215,FALSE,"90_90","30_30","90_30","90_30"
"s19","p138",90,90,30,30,1063,1063,FALSE,"90_90","30_30","90_30","90_30"
"s20","p138",90,90,30,30,1500,1500,FALSE,"90_90","30_30","90_30","90_30"
"s21","p138",90,90,30,30,933,933,FALSE,"90_90","30_30","90_30","90_30"
"s22","p138",90,90,30,30,1091,1091,FALSE,"90_90","30_30","90_30","90_30"
"s23","p138",90,90,30,30,1294,1294,FALSE,"90_90","30_30","90_30","90_30"
"s24","p138",90,90,30,30,1009,1009,FALSE,"90_90","30_30","90_30","90_30"
"s25","p138",90,90,30,30,1177,1177,FALSE,"90_90","30_30","90_30","90_30"
"s26","p138",90,30,30,90,970,970,TRUE,"90_30","30_90","90_30","30_90"
"s27","p138",30,30,90,90,1394,1394,FALSE,"30_30","90_90","30_90","30_90"
"s28","p138",30,30,90,90,1897,1897,FALSE,"30_30","90_90","30_90","30_90"
"s29","p138",30,30,90,90,1692,1692,FALSE,"30_30","90_90","30_90","30_90"
"s30","p138",30,30,90,90,1171,1171,FALSE,"30_30","90_90","30_90","30_90"
"s31","p138",30,30,90,90,927,927,FALSE,"30_30","90_90","30_90","30_90"
"s32","p138",30,30,90,90,1221,1221,FALSE,"30_30","90_90","30_90","30_90"
"s33","p138",30,30,90,90,1846,1846,FALSE,"30_30","90_90","30_90","30_90"
"s34","p138",30,30,90,90,1753,1753,FALSE,"30_30","90_90","30_90","30_90"
"s35","p138",30,30,90,90,1089,1089,FALSE,"30_30","90_90","30_90","30_90"
"s36","p138",30,90,90,30,950,950,TRUE,"30_90","90_30","30_90","90_30"
"s37","p138",90,90,30,30,1154,1154,FALSE,"90_90","30_30","90_30","90_30"
"s38","p138",90,90,30,30,1014,1014,FALSE,"90_90","30_30","90_30","90_30"
"s39","p138",90,90,30,30,1121,1121,FALSE,"90_90","30_30","90_30","90_30"
"s40","p138",90,90,30,30,1085,1085,FALSE,"90_90","30_30","90_30","90_30"
"s41","p138",90,90,30,30,1490,1490,FALSE,"90_90","30_30","90_30","90_30"
"s42","p138",90,90,30,30,1367,1367,FALSE,"90_90","30_30","90_30","90_30"
"s43","p138",90,90,30,30,1404,1404,FALSE,"90_90","30_30","90_30","90_30"
"s44","p138",90,90,30,30,907,907,FALSE,"90_90","30_30","90_30","90_30"
"s45","p138",90,90,30,30,919,919,FALSE,"90_90","30_30","90_30","90_30"
"s46","p138",90,90,30,30,1271,1271,FALSE,"90_90","30_30","90_30","90_30"
"s47","p138",90,90,30,30,973,973,FALSE,"90_90","30_30","90_30","90_30"
"s48","p138",90,90,30,30,1426,1426,FALSE,"90_90","30_30","90_30","90_30"
"s49","p138",90,90,30,30,1095,1095,FALSE,"90_90","30_30","90_30","90_30"
"s50","p138",90,90,30,30,1228,1228,FALSE,"90_90","30_30","90_30","90_30"
"s51","p138",90,90,30,30,1094,1094,FALSE,"90_90","30_30","90_30","90_30"
"s52","p138",90,90,30,30,1435,1435,FALSE,"90_90","30_30","90_30","90_30"
"s53","p138",90,30,30,90,1141,1141,TRUE,"90_30","30_90","90_30","30_90"
"s54","p138",30,30,90,90,2036,2036,FALSE,"30_30","90_90","30_90","30_90"
"s55","p138",30,30,90,90,1110,1110,FALSE,"30_30","90_90","30_90","30_90"
"s56","p138",30,30,90,90,1606,1606,FALSE,"30_30","90_90","30_90","30_90"
"s57","p138",30,30,90,90,1660,1660,FALSE,"30_30","90_90","30_90","30_90"
"s58","p138",30,30,90,90,2071,2071,FALSE,"30_30","90_90","30_90","30_90"
"s59","p138",30,30,90,90,1403,1403,FALSE,"30_30","90_90","30_90","30_90"
"s60","p138",30,30,90,90,1780,1780,FALSE,"30_30","90_90","30_90","30_90"
"s61","p138",30,30,90,90,987,987,FALSE,"30_30","90_90","30_90","30_90"
"s62","p138",30,30,90,90,1834,1834,FALSE,"30_30","90_90","30_90","30_90"
"s63","p138",30,30,90,90,1291,1291,FALSE,"30_30","90_90","30_90","30_90"
"s64","p138",30,30,90,90,1973,1973,FALSE,"30_30","90_90","30_90","30_90"
"s65","p138",30,30,90,90,1762,1762,FALSE,"30_30","90_90","30_90","30_90"
"s66","p138",30,30,90,90,999,999,FALSE,"30_30","90_90","30_90","30_90"
"s67","p138",30,30,90,90,1596,1596,FALSE,"30_30","90_90","30_90","30_90"
"s68","p138",30,30,90,90,1735,1735,FALSE,"30_30","90_90","30_90","30_90"
"s69","p138",30,30,90,90,1897,1897,FALSE,"30_30","90_90","30_90","30_90"
"s70","p138",30,30,90,90,1138,1138,FALSE,"30_30","90_90","30_90","30_90"
"s71","p138",30,30,90,90,1567,1567,FALSE,"30_30","90_90","30_90","30_90"
"s72","p138",30,30,90,90,1097,1097,FALSE,"30_30","90_90","30_90","30_90"
"s73","p138",30,30,90,90,1471,1471,FALSE,"30_30","90_90","30_90","30_90"
"s74","p138",30,30,90,90,1999,1999,FALSE,"30_30","90_90","30_90","30_90"
"s75","p138",30,90,90,30,949,949,TRUE,"30_90","90_30","30_90","90_30"
"s76","p138",90,90,30,30,1458,1458,FALSE,"90_90","30_30","90_30","90_30"
"s77","p138",90,90,30,30,1331,1331,FALSE,"90_90","30_30","90_30","90_30"
"s78","p138",90,90,30,30,1187,1187,FALSE,"90_90","30_30","90_30","90_30"
"s79","p138",90,90,30,30,1351,1351,FALSE,"90_90","30_30","90_30","90_30"
"s80","p138",90,90,30,30,1043,1043,FALSE,"90_90","30_30","90_30","90_30"
"s81","p138",90,90,30,30,1302,1302,FALSE,"90_90","30_30","90_30","90_30"
"s82","p138",90,90,30,30,932,932,FALSE,"90_90","30_30","90_30","90_30"
"s83","p138",90,90,30,30,1359,1359,FALSE,"90_90","30_30","90_30","90_30"
"s84","p138",90,90,30,30,969,969,FALSE,"90_90","30_30","90_30","90_30"
"s85","p138",90,90,30,30,1256,1256,FALSE,"90_90","30_30","90_30","90_30"
"s86","p138",90,90,30,30,934,934,FALSE,"90_90","30_30","90_30","90_30"
"s87","p138",90,90,30,30,1288,1288,FALSE,"90_90","30_30","90_30","90_30"
"s88","p138",90,90,30,30,930,930,FALSE,"90_90","30_30","90_30","90_30"
"s89","p138",90,90,30,30,1201,1201,FALSE,"90_90","30_30","90_30","90_30"
"s90","p138",90,90,30,30,1075,1075,FALSE,"90_90","30_30","90_30","90_30"
"s91","p138",90,90,30,30,1187,1187,FALSE,"90_90","30_30","90_30","90_30"
"s92","p138",90,90,30,30,1428,1428,FALSE,"90_90","30_30","90_30","90_30"
"s93","p138",90,90,30,30,1474,1474,FALSE,"90_90","30_30","90_30","90_30"
"s94","p138",90,90,30,30,1055,1055,FALSE,"90_90","30_30","90_30","90_30"
"s95","p138",90,90,30,30,1141,1141,FALSE,"90_90","30_30","90_30","90_30"
"s96","p138",90,90,30,30,983,983,FALSE,"90_90","30_30","90_30","90_30"
"s97","p138",90,90,30,30,1384,1384,FALSE,"90_90","30_30","90_30","90_30"
"s98","p138",90,90,30,30,955,955,FALSE,"90_90","30_30","90_30","90_30"
"s99","p138",90,90,30,30,1279,1279,FALSE,"90_90","30_30","90_30","90_30"
"s100","p138",90,90,30,30,1425,1425,FALSE,"90_90","30_30","90_30","90_30"
"s101","p138",90,45,30,45,1057,1057,TRUE,"90_45","30_45","90_30","45_45"
"s102","p138",45,45,45,45,988,988,FALSE,"45_45","45_45","45_45","45_45"
"s103","p138",45,45,45,45,1150,1150,FALSE,"45_45","45_45","45_45","45_45"
"s104","p138",45,45,45,45,994,994,FALSE,"45_45","45_45","45_45","45_45"
"s105","p138",45,45,45,45,943,943,FALSE,"45_45","45_45","45_45","45_45"
"s106","p138",45,45,45,45,963,963,FALSE,"45_45","45_45","45_45","45_45"
"s107","p138",45,45,45,45,1162,1162,FALSE,"45_45","45_45","45_45","45_45"
"s108","p138",45,45,45,45,1028,1028,FALSE,"45_45","45_45","45_45","45_45"
"s109","p138",45,45,45,45,953,953,FALSE,"45_45","45_45","45_45","45_45"
"s110","p138",45,45,45,45,1072,1072,FALSE,"45_45","45_45","45_45","45_45"
"s111","p138",45,45,45,45,924,924,FALSE,"45_45","45_45","45_45","45_45"
"s112","p138",45,45,45,45,1189,1189,FALSE,"45_45","45_45","45_45","45_45"
"s113","p138",45,45,45,45,955,955,FALSE,"45_45","45_45","45_45","45_45"
"s114","p138",45,45,45,45,1092,1092,FALSE,"45_45","45_45","45_45","45_45"
"s115","p138",45,45,45,45,1057,1057,FALSE,"45_45","45_45","45_45","45_45"
"s116","p138",45,45,45,45,2215,2215,FALSE,"45_45","45_45","45_45","45_45"
"s117","p138",45,30,45,90,2375,2375,TRUE,"45_30","45_90","45_45","30_90"
"s118","p138",30,30,90,90,1516,1516,FALSE,"30_30","90_90","30_90","30_90"
"s119","p138",30,30,90,90,1586,1586,FALSE,"30_30","90_90","30_90","30_90"
"s120","p138",30,30,90,90,1629,1629,FALSE,"30_30","90_90","30_90","30_90"
"s121","p138",30,30,90,90,2357,2357,FALSE,"30_30","90_90","30_90","30_90"
"s122","p138",30,30,90,90,1626,1626,FALSE,"30_30","90_90","30_90","30_90"
"s123","p138",30,225,90,25,2244,2244,TRUE,"30_225","90_25","30_90","225_25"
"s124","p138",225,30,25,90,2243,2243,TRUE,"225_30","25_90","225_25","30_90"
"s125","p138",30,63,90,35,2268,2268,TRUE,"30_63","90_35","30_90","63_35"
"s126","p138",63,63,35,35,1481,1481,FALSE,"63_63","35_35","63_35","63_35"
"s127","p138",63,63,35,35,1549,1549,FALSE,"63_63","35_35","63_35","63_35"
"s128","p138",63,27,35,135,1754,1754,TRUE,"63_27","35_135","63_35","27_135"
"s129","p138",27,27,135,135,1967,1967,FALSE,"27_27","135_135","27_135","27_135"
"s130","p138",27,90,135,30,2103,2103,TRUE,"27_90","135_30","27_135","90_30"
"s131","p138",90,90,30,30,1212,1212,FALSE,"90_90","30_30","90_30","90_30"
"s132","p138",90,90,30,30,1285,1285,FALSE,"90_90","30_30","90_30","90_30"
"s133","p138",90,90,30,30,1840,1840,FALSE,"90_90","30_30","90_30","90_30"
"s134","p138",90,24,30,360,2136,2136,TRUE,"90_24","30_360","90_30","24_360"
"s135","p138",24,360,360,24,1273,1273,TRUE,"24_360","360_24","24_360","360_24"
"s136","p138",360,360,24,24,1501,1501,FALSE,"360_360","24_24","360_24","360_24"
"s137","p138",360,360,24,24,1398,1398,FALSE,"360_360","24_24","360_24","360_24"
"s138","p138",360,35,24,63,1383,1383,TRUE,"360_35","24_63","360_24","35_63"
"s139","p138",35,35,63,63,1235,1235,FALSE,"35_35","63_63","35_63","35_63"
"s140","p138",35,225,63,25,1327,1327,TRUE,"35_225","63_25","35_63","225_25"
"s141","p138",225,225,25,25,1813,1813,FALSE,"225_225","25_25","225_25","225_25"
"s142","p138",225,24,25,360,2174,2174,TRUE,"225_24","25_360","225_25","24_360"
"s143","p138",24,225,360,25,1847,1847,TRUE,"24_225","360_25","24_360","225_25"
"s144","p138",225,225,25,25,1207,1207,FALSE,"225_225","25_25","225_25","225_25"
"s145","p138",225,35,25,63,1905,1905,TRUE,"225_35","25_63","225_25","35_63"
"s146","p138",35,35,63,63,2319,2319,FALSE,"35_35","63_63","35_63","35_63"
"s147","p138",35,360,63,24,2388,2388,TRUE,"35_360","63_24","35_63","360_24"
"s148","p138",360,30,24,90,2133,2133,TRUE,"360_30","24_90","360_24","30_90"
"s149","p138",30,360,90,24,1955,1955,TRUE,"30_360","90_24","30_90","360_24"
"s150","p138",360,360,24,24,1262,1262,FALSE,"360_360","24_24","360_24","360_24"
"s151","p138",360,25,24,225,1732,1732,TRUE,"360_25","24_225","360_24","25_225"
"s152","p138",25,360,225,24,2102,2102,TRUE,"25_360","225_24","25_225","360_24"
"s153","p138",360,360,24,24,1849,1849,FALSE,"360_360","24_24","360_24","360_24"
"s154","p138",360,360,24,24,1234,1234,FALSE,"360_360","24_24","360_24","360_24"
"s155","p138",360,25,24,225,1362,1362,TRUE,"360_25","24_225","360_24","25_225"
"s156","p138",25,25,225,225,2125,2125,FALSE,"25_25","225_225","25_225","25_225"
"s157","p138",25,25,225,225,1603,1603,FALSE,"25_25","225_225","25_225","25_225"
"s158","p138",25,25,225,225,1626,1626,FALSE,"25_25","225_225","25_225","25_225"
"s159","p138",25,25,225,225,2034,2034,FALSE,"25_25","225_225","25_225","25_225"
"s160","p138",25,135,225,27,1968,1968,TRUE,"25_135","225_27","25_225","135_27"
"s161","p138",135,30,27,90,1531,1531,TRUE,"135_30","27_90","135_27","30_90"
"s162","p138",30,30,90,90,1232,1232,FALSE,"30_30","90_90","30_90","30_90"
"s163","p138",30,90,90,30,1768,1768,TRUE,"30_90","90_30","30_90","90_30"
"s164","p138",90,90,30,30,1784,1784,FALSE,"90_90","30_30","90_30","90_30"
"s165","p138",90,90,30,30,1476,1476,FALSE,"90_90","30_30","90_30","90_30"
"s166","p138",90,90,30,30,2060,2060,FALSE,"90_90","30_30","90_30","90_30"
"s167","p138",90,25,30,225,1748,1748,TRUE,"90_25","30_225","90_30","25_225"
"s168","p138",25,25,225,225,1531,1531,FALSE,"25_25","225_225","25_225","25_225"
"s169","p138",25,90,225,30,1721,1721,TRUE,"25_90","225_30","25_225","90_30"
"s170","p138",90,90,30,30,2261,2261,FALSE,"90_90","30_30","90_30","90_30"
"s171","p138",90,35,30,63,2249,2249,TRUE,"90_35","30_63","90_30","35_63"
"s172","p138",35,35,63,63,1633,1633,FALSE,"35_35","63_63","35_63","35_63"
"s173","p138",35,135,63,27,1676,1676,TRUE,"35_135","63_27","35_63","135_27"
"s174","p138",135,25,27,225,1225,1225,TRUE,"135_25","27_225","135_27","25_225"
"s175","p138",25,135,225,27,1310,1310,TRUE,"25_135","225_27","25_225","135_27"
"s176","p138",135,135,27,27,2311,2311,FALSE,"135_135","27_27","135_27","135_27"
"s177","p138",135,25,27,225,1691,1691,TRUE,"135_25","27_225","135_27","25_225"
"s178","p138",25,135,225,27,2168,2168,TRUE,"25_135","225_27","25_225","135_27"
"s179","p138",135,135,27,27,1601,1601,FALSE,"135_135","27_27","135_27","135_27"
"s180","p138",135,Inf,27,Inf,1359,1359,TRUE,"135_Inf","27_Inf","135_27","Inf_Inf"
"s01","p510",30,30,90,90,1891,1891,FALSE,"30_30","90_90","30_90","30_90"
"s02","p510",30,30,90,90,2080,2080,FALSE,"30_30","90_90","30_90","30_90"
"s03","p510",30,30,90,90,1453,1453,FALSE,"30_30","90_90","30_90","30_90"
"s04","p510",30,30,90,90,2068,2068,FALSE,"30_30","90_90","30_90","30_90"
"s05","p510",30,30,90,90,1942,1942,FALSE,"30_30","90_90","30_90","30_90"
"s06","p510",30,30,90,90,2074,2074,FALSE,"30_30","90_90","30_90","30_90"
"s07","p510",30,30,90,90,1963,1963,FALSE,"30_30","90_90","30_90","30_90"
"s08","p510",30,30,90,90,1167,1167,FALSE,"30_30","90_90","30_90","30_90"
"s09","p510",30,30,90,90,1435,1435,FALSE,"30_30","90_90","30_90","30_90"
"s10","p510",30,30,90,90,1384,1384,FALSE,"30_30","90_90","30_90","30_90"
"s11","p510",30,30,90,90,1083,1083,FALSE,"30_30","90_90","30_90","30_90"
"s12","p510",30,30,90,90,2069,2069,FALSE,"30_30","90_90","30_90","30_90"
"s13","p510",30,30,90,90,1395,1395,FALSE,"30_30","90_90","30_90","30_90"
"s14","p510",30,30,90,90,998,998,FALSE,"30_30","90_90","30_90","30_90"
"s15","p510",30,30,90,90,2006,2006,FALSE,"30_30","90_90","30_90","30_90"
"s16","p510",30,90,90,30,1359,1359,TRUE,"30_90","90_30","30_90","90_30"
"s17","p510",90,90,30,30,1084,1084,FALSE,"90_90","30_30","90_30","90_30"
"s18","p510",90,90,30,30,922,922,FALSE,"90_90","30_30","90_30","90_30"
"s19","p510",90,90,30,30,973,973,FALSE,"90_90","30_30","90_30","90_30"
"s20","p510",90,90,30,30,1041,1041,FALSE,"90_90","30_30","90_30","90_30"
"s21","p510",90,90,30,30,1148,1148,FALSE,"90_90","30_30","90_30","90_30"
"s22","p510",90,90,30,30,1048,1048,FALSE,"90_90","30_30","90_30","90_30"
"s23","p510",90,90,30,30,1135,1135,FALSE,"90_90","30_30","90_30","90_30"
"s24","p510",90,90,30,30,922,922,FALSE,"90_90","30_30","90_30","90_30"
"s25","p510",90,90,30,30,1385,1385,FALSE,"90_90","30_30","90_30","90_30"
"s26","p510",90,30,30,90,1188,1188,TRUE,"90_30","30_90","90_30","30_90"
"s27","p510",30,30,90,90,2075,2075,FALSE,"30_30","90_90","30_90","30_90"
"s28","p510",30,30,90,90,1822,1822,FALSE,"30_30","90_90","30_90","30_90"
"s29","p510",30,30,90,90,1470,1470,FALSE,"30_30","90_90","30_90","30_90"
"s30","p510",30,30,90,90,1873,1873,FALSE,"30_30","90_90","30_90","30_90"
"s31","p510",30,30,90,90,1168,1168,FALSE,"30_30","90_90","30_90","30_90"
"s32","p510",30,30,90,90,1702,1702,FALSE,"30_30","90_90","30_90","30_90"
"s33","p510",30,30,90,90,1859,1859,FALSE,"30_30","90_90","30_90","30_90"
"s34","p510",30,30,90,90,1406,1406,FALSE,"30_30","90_90","30_90","30_90"
"s35","p510",30,30,90,90,1260,1260,FALSE,"30_30","90_90","30_90","30_90"
"s36","p510",30,90,90,30,1283,1283,TRUE,"30_90","90_30","30_90","90_30"
"s37","p510",90,90,30,30,1373,1373,FALSE,"90_90","30_30","90_30","90_30"
"s38","p510",90,90,30,30,1078,1078,FALSE,"90_90","30_30","90_30","90_30"
"s39","p510",90,90,30,30,958,958,FALSE,"90_90","30_30","90_30","90_30"
"s40","p510",90,90,30,30,999,999,FALSE,"90_90","30_30","90_30","90_30"
"s41","p510",90,90,30,30,1225,1225,FALSE,"90_90","30_30","90_30","90_30"
"s42","p510",90,90,30,30,1261,1261,FALSE,"90_90","30_30","90_30","90_30"
"s43","p510",90,90,30,30,1039,1039,FALSE,"90_90","30_30","90_30","90_30"
"s44","p510",90,90,30,30,1373,1373,FALSE,"90_90","30_30","90_30","90_30"
"s45","p510",90,90,30,30,1147,1147,FALSE,"90_90","30_30","90_30","90_30"
"s46","p510",90,90,30,30,1023,1023,FALSE,"90_90","30_30","90_30","90_30"
"s47","p510",90,90,30,30,1385,1385,FALSE,"90_90","30_30","90_30","90_30"
"s48","p510",90,90,30,30,1397,1397,FALSE,"90_90","30_30","90_30","90_30"
"s49","p510",90,90,30,30,1428,1428,FALSE,"90_90","30_30","90_30","90_30"
"s50","p510",90,90,30,30,1339,1339,FALSE,"90_90","30_30","90_30","90_30"
"s51","p510",90,90,30,30,1156,1156,FALSE,"90_90","30_30","90_30","90_30"
"s52","p510",90,90,30,30,1248,1248,FALSE,"90_90","30_30","90_30","90_30"
"s53","p510",90,30,30,90,1055,1055,TRUE,"90_30","30_90","90_30","30_90"
"s54","p510",30,30,90,90,1099,1099,FALSE,"30_30","90_90","30_90","30_90"
"s55","p510",30,30,90,90,1779,1779,FALSE,"30_30","90_90","30_90","30_90"
"s56","p510",30,30,90,90,1301,1301,FALSE,"30_30","90_90","30_90","30_90"
"s57","p510",30,30,90,90,1668,1668,FALSE,"30_30","90_90","30_90","30_90"
"s58","p510",30,30,90,90,911,911,FALSE,"30_30","90_90","30_90","30_90"
"s59","p510",30,30,90,90,1496,1496,FALSE,"30_30","90_90","30_90","30_90"
"s60","p510",30,30,90,90,1504,1504,FALSE,"30_30","90_90","30_90","30_90"
"s61","p510",30,30,90,90,1200,1200,FALSE,"30_30","90_90","30_90","30_90"
"s62","p510",30,30,90,90,1426,1426,FALSE,"30_30","90_90","30_90","30_90"
"s63","p510",30,30,90,90,1987,1987,FALSE,"30_30","90_90","30_90","30_90"
"s64","p510",30,30,90,90,1948,1948,FALSE,"30_30","90_90","30_90","30_90"
"s65","p510",30,30,90,90,1579,1579,FALSE,"30_30","90_90","30_90","30_90"
"s66","p510",30,30,90,90,1374,1374,FALSE,"30_30","90_90","30_90","30_90"
"s67","p510",30,30,90,90,1633,1633,FALSE,"30_30","90_90","30_90","30_90"
"s68","p510",30,30,90,90,1205,1205,FALSE,"30_30","90_90","30_90","30_90"
"s69","p510",30,30,90,90,980,980,FALSE,"30_30","90_90","30_90","30_90"
"s70","p510",30,30,90,90,1056,1056,FALSE,"30_30","90_90","30_90","30_90"
"s71","p510",30,30,90,90,1777,1777,FALSE,"30_30","90_90","30_90","30_90"
"s72","p510",30,30,90,90,1946,1946,FALSE,"30_30","90_90","30_90","30_90"
"s73","p510",30,30,90,90,1363,1363,FALSE,"30_30","90_90","30_90","30_90"
"s74","p510",30,30,90,90,1072,1072,FALSE,"30_30","90_90","30_90","30_90"
"s75","p510",30,90,90,30,1028,1028,TRUE,"30_90","90_30","30_90","90_30"
"s76","p510",90,90,30,30,1045,1045,FALSE,"90_90","30_30","90_30","90_30"
"s77","p510",90,90,30,30,1315,1315,FALSE,"90_90","30_30","90_30","90_30"
"s78","p510",90,90,30,30,1054,1054,FALSE,"90_90","30_30","90_30","90_30"
"s79","p510",90,90,30,30,1308,1308,FALSE,"90_90","30_30","90_30","90_30"
"s80","p510",90,90,30,30,997,997,FALSE,"90_90","30_30","90_30","90_30"
"s81","p510",90,90,30,30,1093,1093,FALSE,"90_90","30_30","90_30","90_30"
"s82","p510",90,90,30,30,1018,1018,FALSE,"90_90","30_30","90_30","90_30"
"s83","p510",90,90,30,30,1338,1338,FALSE,"90_90","30_30","90_30","90_30"
"s84","p510",90,90,30,30,1311,1311,FALSE,"90_90","30_30","90_30","90_30"
"s85","p510",90,90,30,30,1213,1213,FALSE,"90_90","30_30","90_30","90_30"
"s86","p510",90,90,30,30,1272,1272,FALSE,"90_90","30_30","90_30","90_30"
"s87","p510",90,90,30,30,1368,1368,FALSE,"90_90","30_30","90_30","90_30"
"s88","p510",90,90,30,30,1203,1203,FALSE,"90_90","30_30","90_30","90_30"
"s89","p510",90,90,30,30,1095,1095,FALSE,"90_90","30_30","90_30","90_30"
"s90","p510",90,90,30,30,1129,1129,FALSE,"90_90","30_30","90_30","90_30"
"s91","p510",90,90,30,30,1219,1219,FALSE,"90_90","30_30","90_30","90_30"
"s92","p510",90,90,30,30,1026,1026,FALSE,"90_90","30_30","90_30","90_30"
"s93","p510",90,90,30,30,1478,1478,FALSE,"90_90","30_30","90_30","90_30"
"s94","p510",90,90,30,30,1035,1035,FALSE,"90_90","30_30","90_30","90_30"
"s95","p510",90,90,30,30,1070,1070,FALSE,"90_90","30_30","90_30","90_30"
"s96","p510",90,90,30,30,1217,1217,FALSE,"90_90","30_30","90_30","90_30"
"s97","p510",90,90,30,30,1326,1326,FALSE,"90_90","30_30","90_30","90_30"
"s98","p510",90,90,30,30,1020,1020,FALSE,"90_90","30_30","90_30","90_30"
"s99","p510",90,90,30,30,1345,1345,FALSE,"90_90","30_30","90_30","90_30"
"s100","p510",90,90,30,30,915,915,FALSE,"90_90","30_30","90_30","90_30"
"s101","p510",90,45,30,45,1180,1180,TRUE,"90_45","30_45","90_30","45_45"
"s102","p510",45,45,45,45,1107,1107,FALSE,"45_45","45_45","45_45","45_45"
"s103","p510",45,45,45,45,1158,1158,FALSE,"45_45","45_45","45_45","45_45"
"s104","p510",45,45,45,45,1191,1191,FALSE,"45_45","45_45","45_45","45_45"
"s105","p510",45,45,45,45,1130,1130,FALSE,"45_45","45_45","45_45","45_45"
"s106","p510",45,45,45,45,1012,1012,FALSE,"45_45","45_45","45_45","45_45"
"s107","p510",45,45,45,45,909,909,FALSE,"45_45","45_45","45_45","45_45"
"s108","p510",45,45,45,45,912,912,FALSE,"45_45","45_45","45_45","45_45"
"s109","p510",45,45,45,45,935,935,FALSE,"45_45","45_45","45_45","45_45"
"s110","p510",45,45,45,45,1015,1015,FALSE,"45_45","45_45","45_45","45_45"
"s111","p510",45,45,45,45,1009,1009,FALSE,"45_45","45_45","45_45","45_45"
"s112","p510",45,45,45,45,1115,1115,FALSE,"45_45","45_45","45_45","45_45"
"s113","p510",45,45,45,45,1065,1065,FALSE,"45_45","45_45","45_45","45_45"
"s114","p510",45,45,45,45,976,976,FALSE,"45_45","45_45","45_45","45_45"
"s115","p510",45,45,45,45,951,951,FALSE,"45_45","45_45","45_45","45_45"
"s116","p510",45,45,45,45,1831,1831,FALSE,"45_45","45_45","45_45","45_45"
"s117","p510",45,24,45,360,1362,1362,TRUE,"45_24","45_360","45_45","24_360"
"s118","p510",24,24,360,360,1879,1879,FALSE,"24_24","360_360","24_360","24_360"
"s119","p510",24,24,360,360,1803,1803,FALSE,"24_24","360_360","24_360","24_360"
"s120","p510",24,360,360,24,1889,1889,TRUE,"24_360","360_24","24_360","360_24"
"s121","p510",360,27,24,135,2144,2144,TRUE,"360_27","24_135","360_24","27_135"
"s122","p510",27,27,135,135,1555,1555,FALSE,"27_27","135_135","27_135","27_135"
"s123","p510",27,90,135,30,2018,2018,TRUE,"27_90","135_30","27_135","90_30"
"s124","p510",90,24,30,360,1485,1485,TRUE,"90_24","30_360","90_30","24_360"
"s125","p510",24,225,360,25,1298,1298,TRUE,"24_225","360_25","24_360","225_25"
"s126","p510",225,30,25,90,1837,1837,TRUE,"225_30","25_90","225_25","30_90"
"s127","p510",30,30,90,90,1389,1389,FALSE,"30_30","90_90","30_90","30_90"
"s128","p510",30,90,90,30,1988,1988,TRUE,"30_90","90_30","30_90","90_30"
"s129","p510",90,90,30,30,2187,2187,FALSE,"90_90","30_30","90_30","90_30"
"s130","p510",90,90,30,30,1289,1289,FALSE,"90_90","30_30","90_30","90_30"
"s131","p510",90,90,30,30,1358,1358,FALSE,"90_90","30_30","90_30","90_30"
"s132","p510",90,90,30,30,1450,1450,FALSE,"90_90","30_30","90_30","90_30"
"s133","p510",90,90,30,30,1550,1550,FALSE,"90_90","30_30","90_30","90_30"
"s134","p510",90,90,30,30,1423,1423,FALSE,"90_90","30_30","90_30","90_30"
"s135","p510",30,90,90,30,1593,1593,TRUE,"30_90","90_30","30_90","90_30"
"s136","p510",90,24,30,360,1728,1728,TRUE,"90_24","30_360","90_30","24_360"
"s137","p510",24,225,360,25,1958,1958,TRUE,"24_225","360_25","24_360","225_25"
"s138","p510",225,225,25,25,1248,1248,FALSE,"225_225","25_25","225_25","225_25"
"s139","p510",225,225,25,25,1664,1664,FALSE,"225_225","25_25","225_25","225_25"
"s140","p510",225,25,25,225,2007,2007,TRUE,"225_25","25_225","225_25","25_225"
"s141","p510",25,25,225,225,2358,2358,FALSE,"25_25","225_225","25_225","25_225"
"s142","p510",25,25,225,225,2039,2039,FALSE,"25_25","225_225","25_225","25_225"
"s143","p510",25,25,225,225,1820,1820,FALSE,"25_25","225_225","25_225","25_225"
"s144","p510",25,90,225,30,2077,2077,TRUE,"25_90","225_30","25_225","90_30"
"s145","p510",90,90,30,30,1746,1746,FALSE,"90_90","30_30","90_30","90_30"
"s146","p510",90,25,30,225,2170,2170,TRUE,"90_25","30_225","90_30","25_225"
"s147","p510",25,25,225,225,2001,2001,FALSE,"25_25","225_225","25_225","25_225"
"s148","p510",25,25,225,225,1694,1694,FALSE,"25_25","225_225","25_225","25_225"
"s149","p510",25,225,225,25,2396,2396,TRUE,"25_225","225_25","25_225","225_25"
"s150","p510",225,25,25,225,1592,1592,TRUE,"225_25","25_225","225_25","25_225"
"s151","p510",25,25,225,225,2112,2112,FALSE,"25_25","225_225","25_225","25_225"
"s152","p510",25,90,225,30,2042,2042,TRUE,"25_90","225_30","25_225","90_30"
"s153","p510",90,90,30,30,1964,1964,FALSE,"90_90","30_30","90_30","90_30"
"s154","p510",90,90,30,30,1833,1833,FALSE,"90_90","30_30","90_30","90_30"
"s155","p510",90,27,30,135,2108,2108,TRUE,"90_27","30_135","90_30","27_135"
"s156","p510",27,135,135,27,2365,2365,TRUE,"27_135","135_27","27_135","135_27"
"s157","p510",135,135,27,27,1871,1871,FALSE,"135_135","27_27","135_27","135_27"
"s158","p510",135,24,27,360,1294,1294,TRUE,"135_24","27_360","135_27","24_360"
"s159","p510",24,135,360,27,2381,2381,TRUE,"24_135","360_27","24_360","135_27"
"s160","p510",135,35,27,63,1555,1555,TRUE,"135_35","27_63","135_27","35_63"
"s161","p510",35,35,63,63,1566,1566,FALSE,"35_35","63_63","35_63","35_63"
"s162","p510",35,35,63,63,2314,2314,FALSE,"35_35","63_63","35_63","35_63"
"s163","p510",35,135,63,27,1984,1984,TRUE,"35_135","63_27","35_63","135_27"
"s164","p510",135,135,27,27,2144,2144,FALSE,"135_135","27_27","135_27","135_27"
"s165","p510",135,135,27,27,2049,2049,FALSE,"135_135","27_27","135_27","135_27"
"s166","p510",135,35,27,63,2268,2268,TRUE,"135_35","27_63","135_27","35_63"
"s167","p510",35,35,63,63,1712,1712,FALSE,"35_35","63_63","35_63","35_63"
"s168","p510",35,35,63,63,2025,2025,FALSE,"35_35","63_63","35_63","35_63"
"s169","p510",35,225,63,25,1503,1503,TRUE,"35_225","63_25","35_63","225_25"
"s170","p510",225,225,25,25,1386,1386,FALSE,"225_225","25_25","225_25","225_25"
"s171","p510",225,225,25,25,1732,1732,FALSE,"225_225","25_25","225_25","225_25"
"s172","p510",225,225,25,25,2275,2275,FALSE,"225_225","25_25","225_25","225_25"
"s173","p510",225,225,25,25,1959,1959,FALSE,"225_225","25_25","225_25","225_25"
"s174","p510",225,225,25,25,1894,1894,FALSE,"225_225","25_25","225_25","225_25"
"s175","p510",225,225,25,25,1659,1659,FALSE,"225_225","25_25","225_25","225_25"
"s176","p510",225,225,25,25,1634,1634,FALSE,"225_225","25_25","225_25","225_25"
"s177","p510",225,24,25,360,1378,1378,TRUE,"225_24","25_360","225_25","24_360"
"s178","p510",24,24,360,360,2067,2067,FALSE,"24_24","360_360","24_360","24_360"
"s179","p510",24,90,360,30,1256,1256,TRUE,"24_90","360_30","24_360","90_30"
"s180","p510",90,Inf,30,Inf,1363,1363,TRUE,"90_Inf","30_Inf","90_30","Inf_Inf"
"s01","p530",30,30,90,90,1415,1415,FALSE,"30_30","90_90","30_90","30_90"
"s02","p530",30,30,90,90,1416,1416,FALSE,"30_30","90_90","30_90","30_90"
"s03","p530",30,30,90,90,900,900,FALSE,"30_30","90_90","30_90","30_90"
"s04","p530",30,30,90,90,1655,1655,FALSE,"30_30","90_90","30_90","30_90"
"s05","p530",30,30,90,90,1146,1146,FALSE,"30_30","90_90","30_90","30_90"
"s06","p530",30,30,90,90,1130,1130,FALSE,"30_30","90_90","30_90","30_90"
"s07","p530",30,30,90,90,1330,1330,FALSE,"30_30","90_90","30_90","30_90"
"s08","p530",30,30,90,90,1947,1947,FALSE,"30_30","90_90","30_90","30_90"
"s09","p530",30,30,90,90,1906,1906,FALSE,"30_30","90_90","30_90","30_90"
"s10","p530",30,30,90,90,1508,1508,FALSE,"30_30","90_90","30_90","30_90"
"s11","p530",30,30,90,90,1693,1693,FALSE,"30_30","90_90","30_90","30_90"
"s12","p530",30,30,90,90,1997,1997,FALSE,"30_30","90_90","30_90","30_90"
"s13","p530",30,30,90,90,1399,1399,FALSE,"30_30","90_90","30_90","30_90"
"s14","p530",30,30,90,90,1601,1601,FALSE,"30_30","90_90","30_90","30_90"
"s15","p530",30,30,90,90,1821,1821,FALSE,"30_30","90_90","30_90","30_90"
"s16","p530",30,90,90,30,1183,1183,TRUE,"30_90","90_30","30_90","90_30"
"s17","p530",90,90,30,30,1051,1051,FALSE,"90_90","30_30","90_30","90_30"
"s18","p530",90,90,30,30,916,916,FALSE,"90_90","30_30","90_30","90_30"
"s19","p530",90,90,30,30,1035,1035,FALSE,"90_90","30_30","90_30","90_30"
"s20","p530",90,90,30,30,1131,1131,FALSE,"90_90","30_30","90_30","90_30"
"s21","p530",90,90,30,30,1234,1234,FALSE,"90_90","30_30","90_30","90_30"
"s22","p530",90,90,30,30,1081,1081,FALSE,"90_90","30_30","90_30","90_30"
"s23","p530",90,90,30,30,1452,1452,FALSE,"90_90","30_30","90_30","90_30"
"s24","p530",90,90,30,30,1468,1468,FALSE,"90_90","30_30","90_30","90_30"
"s25","p530",90,90,30,30,959,959,FALSE,"90_90","30_30","90_30","90_30"
"s26","p530",90,30,30,90,922,922,TRUE,"90_30","30_90","90_30","30_90"
"s27","p530",30,30,90,90,1627,1627,FALSE,"30_30","90_90","30_90","30_90"
"s28","p530",30,30,90,90,2058,2058,FALSE,"30_30","90_90","30_90","30_90"
"s29","p530",30,30,90,90,1049,1049,FALSE,"30_30","90_90","30_90","30_90"
"s30","p530",30,30,90,90,1714,1714,FALSE,"30_30","90_90","30_90","30_90"
"s31","p530",30,30,90,90,1108,1108,FALSE,"30_30","90_90","30_90","30_90"
"s32","p530",30,30,90,90,1979,1979,FALSE,"30_30","90_90","30_90","30_90"
"s33","p530",30,30,90,90,1479,1479,FALSE,"30_30","90_90","30_90","30_90"
"s34","p530",30,30,90,90,1079,1079,FALSE,"30_30","90_90","30_90","30_90"
"s35","p530",30,30,90,90,1776,1776,FALSE,"30_30","90_90","30_90","30_90"
"s36","p530",30,90,90,30,1245,1245,TRUE,"30_90","90_30","30_90","90_30"
"s37","p530",90,90,30,30,951,951,FALSE,"90_90","30_30","90_30","90_30"
"s38","p530",90,90,30,30,1102,1102,FALSE,"90_90","30_30","90_30","90_30"
"s39","p530",90,90,30,30,1091,1091,FALSE,"90_90","30_30","90_30","90_30"
"s40","p530",90,90,30,30,925,925,FALSE,"90_90","30_30","90_30","90_30"
"s41","p530",90,90,30,30,1276,1276,FALSE,"90_90","30_30","90_30","90_30"
"s42","p530",90,90,30,30,1349,1349,FALSE,"90_90","30_30","90_30","90_30"
"s43","p530",90,90,30,30,1335,1335,FALSE,"90_90","30_30","90_30","90_30"
"s44","p530",90,90,30,30,1289,1289,FALSE,"90_90","30_30","90_30","90_30"
"s45","p530",90,90,30,30,1144,1144,FALSE,"90_90","30_30","90_30","90_30"
"s46","p530",90,90,30,30,989,989,FALSE,"90_90","30_30","90_30","90_30"
"s47","p530",90,90,30,30,1345,1345,FALSE,"90_90","30_30","90_30","90_30"
"s48","p530",90,90,30,30,1352,1352,FALSE,"90_90","30_30","90_30","90_30"
"s49","p530",90,90,30,30,1010,1010,FALSE,"90_90","30_30","90_30","90_30"
"s50","p530",90,90,30,30,1213,1213,FALSE,"90_90","30_30","90_30","90_30"
"s51","p530",90,90,30,30,1072,1072,FALSE,"90_90","30_30","90_30","90_30"
"s52","p530",90,90,30,30,1308,1308,FALSE,"90_90","30_30","90_30","90_30"
"s53","p530",90,30,30,90,1061,1061,TRUE,"90_30","30_90","90_30","30_90"
"s54","p530",30,30,90,90,1737,1737,FALSE,"30_30","90_90","30_90","30_90"
"s55","p530",30,30,90,90,1160,1160,FALSE,"30_30","90_90","30_90","30_90"
"s56","p530",30,30,90,90,1601,1601,FALSE,"30_30","90_90","30_90","30_90"
"s57","p530",30,30,90,90,1204,1204,FALSE,"30_30","90_90","30_90","30_90"
"s58","p530",30,30,90,90,1737,1737,FALSE,"30_30","90_90","30_90","30_90"
"s59","p530",30,30,90,90,1182,1182,FALSE,"30_30","90_90","30_90","30_90"
"s60","p530",30,30,90,90,1459,1459,FALSE,"30_30","90_90","30_90","30_90"
"s61","p530",30,30,90,90,1051,1051,FALSE,"30_30","90_90","30_90","30_90"
"s62","p530",30,30,90,90,1018,1018,FALSE,"30_30","90_90","30_90","30_90"
"s63","p530",30,30,90,90,1610,1610,FALSE,"30_30","90_90","30_90","30_90"
"s64","p530",30,30,90,90,906,906,FALSE,"30_30","90_90","30_90","30_90"
"s65","p530",30,30,90,90,1204,1204,FALSE,"30_30","90_90","30_90","30_90"
"s66","p530",30,30,90,90,1739,1739,FALSE,"30_30","90_90","30_90","30_90"
"s67","p530",30,30,90,90,1569,1569,FALSE,"30_30","90_90","30_90","30_90"
"s68","p530",30,30,90,90,1850,1850,FALSE,"30_30","90_90","30_90","30_90"
"s69","p530",30,30,90,90,1514,1514,FALSE,"30_30","90_90","30_90","30_90"
"s70","p530",30,30,90,90,1563,1563,FALSE,"30_30","90_90","30_90","30_90"
"s71","p530",30,30,90,90,1353,1353,FALSE,"30_30","90_90","30_90","30_90"
"s72","p530",30,30,90,90,1638,1638,FALSE,"30_30","90_90","30_90","30_90"
"s73","p530",30,30,90,90,1168,1168,FALSE,"30_30","90_90","30_90","30_90"
"s74","p530",30,30,90,90,1277,1277,FALSE,"30_30","90_90","30_90","30_90"
"s75","p530",30,90,90,30,1048,1048,TRUE,"30_90","90_30","30_90","90_30"
"s76","p530",90,90,30,30,1417,1417,FALSE,"90_90","30_30","90_30","90_30"
"s77","p530",90,90,30,30,1010,1010,FALSE,"90_90","30_30","90_30","90_30"
"s78","p530",90,90,30,30,1016,1016,FALSE,"90_90","30_30","90_30","90_30"
"s79","p530",90,90,30,30,1332,1332,FALSE,"90_90","30_30","90_30","90_30"
"s80","p530",90,90,30,30,1285,1285,FALSE,"90_90","30_30","90_30","90_30"
"s81","p530",90,90,30,30,1470,1470,FALSE,"90_90","30_30","90_30","90_30"
"s82","p530",90,90,30,30,1426,1426,FALSE,"90_90","30_30","90_30","90_30"
"s83","p530",90,90,30,30,1063,1063,FALSE,"90_90","30_30","90_30","90_30"
"s84","p530",90,90,30,30,966,966,FALSE,"90_90","30_30","90_30","90_30"
"s85","p530",90,90,30,30,966,966,FALSE,"90_90","30_30","90_30","90_30"
"s86","p530",90,90,30,30,1497,1497,FALSE,"90_90","30_30","90_30","90_30"
"s87","p530",90,90,30,30,1075,1075,FALSE,"90_90","30_30","90_30","90_30"
"s88","p530",90,90,30,30,1372,1372,FALSE,"90_90","30_30","90_30","90_30"
"s89","p530",90,90,30,30,1051,1051,FALSE,"90_90","30_30","90_30","90_30"
"s90","p530",90,90,30,30,911,911,FALSE,"90_90","30_30","90_30","90_30"
"s91","p530",90,90,30,30,944,944,FALSE,"90_90","30_30","90_30","90_30"
"s92","p530",90,90,30,30,1267,1267,FALSE,"90_90","30_30","90_30","90_30"
"s93","p530",90,90,30,30,1416,1416,FALSE,"90_90","30_30","90_30","90_30"
"s94","p530",90,90,30,30,977,977,FALSE,"90_90","30_30","90_30","90_30"
"s95","p530",90,90,30,30,1445,1445,FALSE,"90_90","30_30","90_30","90_30"
"s96","p530",90,90,30,30,1216,1216,FALSE,"90_90","30_30","90_30","90_30"
"s97","p530",90,90,30,30,1111,1111,FALSE,"90_90","30_30","90_30","90_30"
"s98","p530",90,90,30,30,1005,1005,FALSE,"90_90","30_30","90_30","90_30"
"s99","p530",90,90,30,30,1294,1294,FALSE,"90_90","30_30","90_30","90_30"
"s100","p530",90,90,30,30,1305,1305,FALSE,"90_90","30_30","90_30","90_30"
"s101","p530",90,45,30,45,961,961,TRUE,"90_45","30_45","90_30","45_45"
"s102","p530",45,45,45,45,923,923,FALSE,"45_45","45_45","45_45","45_45"
"s103","p530",45,45,45,45,926,926,FALSE,"45_45","45_45","45_45","45_45"
"s104","p530",45,45,45,45,1034,1034,FALSE,"45_45","45_45","45_45","45_45"
"s105","p530",45,45,45,45,1142,1142,FALSE,"45_45","45_45","45_45","45_45"
"s106","p530",45,45,45,45,1191,1191,FALSE,"45_45","45_45","45_45","45_45"
"s107","p530",45,45,45,45,1097,1097,FALSE,"45_45","45_45","45_45","45_45"
"s108","p530",45,45,45,45,1041,1041,FALSE,"45_45","45_45","45_45","45_45"
"s109","p530",45,45,45,45,1116,1116,FALSE,"45_45","45_45","45_45","45_45"
"s110","p530",45,45,45,45,1187,1187,FALSE,"45_45","45_45","45_45","45_45"
"s111","p530",45,45,45,45,929,929,FALSE,"45_45","45_45","45_45","45_45"
"s112","p530",45,45,45,45,1146,1146,FALSE,"45_45","45_45","45_45","45_45"
"s113","p530",45,45,45,45,1196,1196,FALSE,"45_45","45_45","45_45","45_45"
"s114","p530",45,45,45,45,1108,1108,FALSE,"45_45","45_45","45_45","45_45"
"s115","p530",45,45,45,45,907,907,FALSE,"45_45","45_45","45_45","45_45"
"s116","p530",45,24,45,360,1978,1978,TRUE,"45_24","45_360","45_45","24_360"
"s117","p530",24,24,360,360,1491,1491,FALSE,"24_24","360_360","24_360","24_360"
"s118","p530",24,360,360,24,2013,2013,TRUE,"24_360","360_24","24_360","360_24"
"s119","p530",360,30,24,90,1748,1748,TRUE,"360_30","24_90","360_24","30_90"
"s120","p530",30,135,90,27,1466,1466,TRUE,"30_135","90_27","30_90","135_27"
"s121","p530",135,25,27,225,1804,1804,TRUE,"135_25","27_225","135_27","25_225"
"s122","p530",25,25,225,225,1806,1806,FALSE,"25_25","225_225","25_225","25_225"
"s123","p530",25,25,225,225,1746,1746,FALSE,"25_25","225_225","25_225","25_225"
"s124","p530",25,25,225,225,1225,1225,FALSE,"25_25","225_225","25_225","25_225"
"s125","p530",25,90,225,30,2389,2389,TRUE,"25_90","225_30","25_225","90_30"
"s126","p530",90,90,30,30,2177,2177,FALSE,"90_90","30_30","90_30","90_30"
"s127","p530",90,24,30,360,2134,2134,TRUE,"90_24","30_360","90_30","24_360"
"s128","p530",24,24,360,360,1376,1376,FALSE,"24_24","360_360","24_360","24_360"
"s129","p530",24,24,360,360,1403,1403,FALSE,"24_24","360_360","24_360","24_360"
"s130","p530",24,63,360,35,1893,1893,TRUE,"24_63","360_35","24_360","63_35"
"s131","p530",63,63,35,35,1831,1831,FALSE,"63_63","35_35","63_35","63_35"
"s132","p530",63,30,35,90,2256,2256,TRUE,"63_30","35_90","63_35","30_90"
"s133","p530",30,30,90,90,2060,2060,FALSE,"30_30","90_90","30_90","30_90"
"s134","p530",30,135,90,27,2202,2202,TRUE,"30_135","90_27","30_90","135_27"
"s135","p530",135,135,27,27,1792,1792,FALSE,"135_135","27_27","135_27","135_27"
"s136","p530",135,27,27,135,1641,1641,TRUE,"135_27","27_135","135_27","27_135"
"s137","p530",27,225,135,25,1790,1790,TRUE,"27_225","135_25","27_135","225_25"
"s138","p530",225,27,25,135,1849,1849,TRUE,"225_27","25_135","225_25","27_135"
"s139","p530",27,27,135,135,2085,2085,FALSE,"27_27","135_135","27_135","27_135"
"s140","p530",27,225,135,25,1220,1220,TRUE,"27_225","135_25","27_135","225_25"
"s141","p530",225,24,25,360,1993,1993,TRUE,"225_24","25_360","225_25","24_360"
"s142","p530",24,135,360,27,1288,1288,TRUE,"24_135","360_27","24_360","135_27"
"s143","p530",135,135,27,27,2237,2237,FALSE,"135_135","27_27","135_27","135_27"
"s144","p530",135,24,27,360,1553,1553,TRUE,"135_24","27_360","135_27","24_360"
"s145","p530",24,24,360,360,2296,2296,FALSE,"24_24","360_360","24_360","24_360"
"s146","p530",24,360,360,24,1382,1382,TRUE,"24_360","360_24","24_360","360_24"
"s147","p530",360,24,24,360,1762,1762,TRUE,"360_24","24_360","360_24","24_360"
"s148","p530",24,63,360,35,1537,1537,TRUE,"24_63","360_35","24_360","63_35"
"s149","p530",63,24,35,360,2093,2093,TRUE,"63_24","35_360","63_35","24_360"
"s150","p530",24,24,360,360,1428,1428,FALSE,"24_24","360_360","24_360","24_360"
"s151","p530",24,135,360,27,1732,1732,TRUE,"24_135","360_27","24_360","135_27"
"s152","p530",135,135,27,27,1883,1883,FALSE,"135_135","27_27","135_27","135_27"
"s153","p530",135,135,27,27,2010,2010,FALSE,"135_135","27_27","135_27","135_27"
"s154","p530",135,135,27,27,2182,2182,FALSE,"135_135","27_27","135_27","135_27"
"s155","p530",135,35,27,63,2171,2171,TRUE,"135_35","27_63","135_27","35_63"
"s156","p530",35,225,63,25,1391,1391,TRUE,"35_225","63_25","35_63","225_25"
"s157","p530",225,25,25,225,1612,1612,TRUE,"225_25","25_225","225_25","25_225"
"s158","p530",25,25,225,225,2358,2358,FALSE,"25_25","225_225","25_225","25_225"
"s159","p530",25,135,225,27,1660,1660,TRUE,"25_135","225_27","25_225","135_27"
"s160","p530",135,27,27,135,1924,1924,TRUE,"135_27","27_135","135_27","27_135"
"s161","p530",27,27,135,135,1358,1358,FALSE,"27_27","135_135","27_135","27_135"
"s162","p530",27,27,135,135,2034,2034,FALSE,"27_27","135_135","27_135","27_135"
"s163","p530",27,135,135,27,2143,2143,TRUE,"27_135","135_27","27_135","135_27"
"s164","p530",135,35,27,63,2195,2195,TRUE,"135_35","27_63","135_27","35_63"
"s165","p530",35,35,63,63,1278,1278,FALSE,"35_35","63_63","35_63","35_63"
"s166","p530",35,63,63,35,2196,2196,TRUE,"35_63","63_35","35_63","63_35"
"s167","p530",63,63,35,35,2162,2162,FALSE,"63_63","35_35","63_35","63_35"
"s168","p530",63,27,35,135,1497,1497,TRUE,"63_27","35_135","63_35","27_135"
"s169","p530",27,225,135,25,1843,1843,TRUE,"27_225","135_25","27_135","225_25"
"s170","p530",225,35,25,63,1484,1484,TRUE,"225_35","25_63","225_25","35_63"
"s171","p530",35,35,63,63,2150,2150,FALSE,"35_35","63_63","35_63","35_63"
"s172","p530",35,35,63,63,2249,2249,FALSE,"35_35","63_63","35_63","35_63"
"s173","p530",35,35,63,63,2224,2224,FALSE,"35_35","63_63","35_63","35_63"
"s174","p530",35,360,63,24,1891,1891,TRUE,"35_360","63_24","35_63","360_24"
"s175","p530",360,360,24,24,1301,1301,FALSE,"360_360","24_24","360_24","360_24"
"s176","p530",360,27,24,135,1333,1333,TRUE,"360_27","24_135","360_24","27_135"
"s177","p530",27,90,135,30,1618,1618,TRUE,"27_90","135_30","27_135","90_30"
"s178","p530",90,90,30,30,1946,1946,FALSE,"90_90","30_30","90_30","90_30"
"s179","p530",90,90,30,30,2033,2033,FALSE,"90_90","30_30","90_30","90_30"
"s180","p530",90,Inf,30,Inf,1469,1469,TRUE,"90_Inf","30_Inf","90_30","Inf_Inf"
"s01","p736",30,30,90,90,1840,1840,FALSE,"30_30","90_90","30_90","30_90"
"s02","p736",30,30,90,90,931,931,FALSE,"30_30","90_90","30_90","30_90"
"s03","p736",30,30,90,90,913,913,FALSE,"30_30","90_90","30_90","30_90"
"s04","p736",30,30,90,90,1855,1855,FALSE,"30_30","90_90","30_90","30_90"
"s05","p736",30,30,90,90,2081,2081,FALSE,"30_30","90_90","30_90","30_90"
"s06","p736",30,30,90,90,1143,1143,FALSE,"30_30","90_90","30_90","30_90"
"s07","p736",30,30,90,90,1696,1696,FALSE,"30_30","90_90","30_90","30_90"
"s08","p736",30,30,90,90,1277,1277,FALSE,"30_30","90_90","30_90","30_90"
"s09","p736",30,30,90,90,1316,1316,FALSE,"30_30","90_90","30_90","30_90"
"s10","p736",30,30,90,90,985,985,FALSE,"30_30","90_90","30_90","30_90"
"s11","p736",30,30,90,90,1866,1866,FALSE,"30_30","90_90","30_90","30_90"
"s12","p736",30,30,90,90,1411,1411,FALSE,"30_30","90_90","30_90","30_90"
"s13","p736",30,30,90,90,1685,1685,FALSE,"30_30","90_90","30_90","30_90"
"s14","p736",30,30,90,90,1640,1640,FALSE,"30_30","90_90","30_90","30_90"
"s15","p736",30,30,90,90,1844,1844,FALSE,"30_30","90_90","30_90","30_90"
"s16","p736",30,90,90,30,1090,1090,TRUE,"30_90","90_30","30_90","90_30"
"s17","p736",90,90,30,30,1055,1055,FALSE,"90_90","30_30","90_30","90_30"
"s18","p736",90,90,30,30,1413,1413,FALSE,"90_90","30_30","90_30","90_30"
"s19","p736",90,90,30,30,1274,1274,FALSE,"90_90","30_30","90_30","90_30"
"s20","p736",90,90,30,30,1010,1010,FALSE,"90_90","30_30","90_30","90_30"
"s21","p736",90,90,30,30,1407,1407,FALSE,"90_90","30_30","90_30","90_30"
"s22","p736",90,90,30,30,1149,1149,FALSE,"90_90","30_30","90_30","90_30"
"s23","p736",90,90,30,30,1337,1337,FALSE,"90_90","30_30","90_30","90_30"
"s24","p736",90,90,30,30,1234,1234,FALSE,"90_90","30_30","90_30","90_30"
"s25","p736",90,90,30,30,1274,1274,FALSE,"90_90","30_30","90_30","90_30"
"s26","p736",90,30,30,90,938,938,TRUE,"90_30","30_90","90_30","30_90"
"s27","p736",30,30,90,90,941,941,FALSE,"30_30","90_90","30_90","30_90"
"s28","p736",30,30,90,90,1025,1025,FALSE,"30_30","90_90","30_90","30_90"
"s29","p736",30,30,90,90,1675,1675,FALSE,"30_30","90_90","30_90","30_90"
"s30","p736",30,30,90,90,2037,2037,FALSE,"30_30","90_90","30_90","30_90"
"s31","p736",30,30,90,90,1579,1579,FALSE,"30_30","90_90","30_90","30_90"
"s32","p736",30,30,90,90,2081,2081,FALSE,"30_30","90_90","30_90","30_90"
"s33","p736",30,30,90,90,2015,2015,FALSE,"30_30","90_90","30_90","30_90"
"s34","p736",30,30,90,90,1890,1890,FALSE,"30_30","90_90","30_90","30_90"
"s35","p736",30,30,90,90,1883,1883,FALSE,"30_30","90_90","30_90","30_90"
"s36","p736",30,90,90,30,1405,1405,TRUE,"30_90","90_30","30_90","90_30"
"s37","p736",90,90,30,30,1414,1414,FALSE,"90_90","30_30","90_30","90_30"
"s38","p736",90,90,30,30,1225,1225,FALSE,"90_90","30_30","90_30","90_30"
"s39","p736",90,90,30,30,1041,1041,FALSE,"90_90","30_30","90_30","90_30"
"s40","p736",90,90,30,30,1416,1416,FALSE,"90_90","30_30","90_30","90_30"
"s41","p736",90,90,30,30,1385,1385,FALSE,"90_90","30_30","90_30","90_30"
"s42","p736",90,90,30,30,1170,1170,FALSE,"90_90","30_30","90_30","90_30"
"s43","p736",90,90,30,30,939,939,FALSE,"90_90","30_30","90_30","90_30"
"s44","p736",90,90,30,30,1152,1152,FALSE,"90_90","30_30","90_30","90_30"
"s45","p736",90,90,30,30,940,940,FALSE,"90_90","30_30","90_30","90_30"
"s46","p736",90,90,30,30,1385,1385,FALSE,"90_90","30_30","90_30","90_30"
"s47","p736",90,90,30,30,1052,1052,FALSE,"90_90","30_30","90_30","90_30"
"s48","p736",90,90,30,30,1277,1277,FALSE,"90_90","30_30","90_30","90_30"
"s49","p736",90,90,30,30,1211,1211,FALSE,"90_90","30_30","90_30","90_30"
"s50","p736",90,90,30,30,1025,1025,FALSE,"90_90","30_30","90_30","90_30"
"s51","p736",90,90,30,30,1197,1197,FALSE,"90_90","30_30","90_30","90_30"
"s52","p736",90,90,30,30,1383,1383,FALSE,"90_90","30_30","90_30","90_30"
"s53","p736",90,30,30,90,951,951,TRUE,"90_30","30_90","90_30","30_90"
"s54","p736",30,30,90,90,1886,1886,FALSE,"30_30","90_90","30_90","30_90"
"s55","p736",30,30,90,90,1291,1291,FALSE,"30_30","90_90","30_90","30_90"
"s56","p736",30,30,90,90,1645,1645,FALSE,"30_30","90_90","30_90","30_90"
"s57","p736",30,30,90,90,1380,1380,FALSE,"30_30","90_90","30_90","30_90"
"s58","p736",30,30,90,90,1233,1233,FALSE,"30_30","90_90","30_90","30_90"
"s59","p736",30,30,90,90,1973,1973,FALSE,"30_30","90_90","30_90","30_90"
"s60","p736",30,30,90,90,1023,1023,FALSE,"30_30","90_90","30_90","30_90"
"s61","p736",30,30,90,90,1648,1648,FALSE,"30_30","90_90","30_90","30_90"
"s62","p736",30,30,90,90,1202,1202,FALSE,"30_30","90_90","30_90","30_90"
"s63","p736",30,30,90,90,1125,1125,FALSE,"30_30","90_90","30_90","30_90"
"s64","p736",30,30,90,90,1069,1069,FALSE,"30_30","90_90","30_90","30_90"
"s65","p736",30,30,90,90,1277,1277,FALSE,"30_30","90_90","30_90","30_90"
"s66","p736",30,30,90,90,1503,1503,FALSE,"30_30","90_90","30_90","30_90"
"s67","p736",30,30,90,90,1156,1156,FALSE,"30_30","90_90","30_90","30_90"
"s68","p736",30,30,90,90,1810,1810,FALSE,"30_30","90_90","30_90","30_90"
"s69","p736",30,30,90,90,1486,1486,FALSE,"30_30","90_90","30_90","30_90"
"s70","p736",30,30,90,90,2026,2026,FALSE,"30_30","90_90","30_90","30_90"
"s71","p736",30,30,90,90,1560,1560,FALSE,"30_30","90_90","30_90","30_90"
"s72","p736",30,30,90,90,1765,1765,FALSE,"30_30","90_90","30_90","30_90"
"s73","p736",30,30,90,90,1855,1855,FALSE,"30_30","90_90","30_90","30_90"
"s74","p736",30,30,90,90,947,947,FALSE,"30_30","90_90","30_90","30_90"
"s75","p736",30,90,90,30,1482,1482,TRUE,"30_90","90_30","30_90","90_30"
"s76","p736",90,90,30,30,1157,1157,FALSE,"90_90","30_30","90_30","90_30"
"s77","p736",90,90,30,30,1327,1327,FALSE,"90_90","30_30","90_30","90_30"
"s78","p736",90,90,30,30,1161,1161,FALSE,"90_90","30_30","90_30","90_30"
"s79","p736",90,90,30,30,1099,1099,FALSE,"90_90","30_30","90_30","90_30"
"s80","p736",90,90,30,30,1314,1314,FALSE,"90_90","30_30","90_30","90_30"
"s81","p736",90,90,30,30,979,979,FALSE,"90_90","30_30","90_30","90_30"
"s82","p736",90,90,30,30,1397,1397,FALSE,"90_90","30_30","90_30","90_30"
"s83","p736",90,90,30,30,1338,1338,FALSE,"90_90","30_30","90_30","90_30"
"s84","p736",90,90,30,30,1267,1267,FALSE,"90_90","30_30","90_30","90_30"
"s85","p736",90,90,30,30,1402,1402,FALSE,"90_90","30_30","90_30","90_30"
"s86","p736",90,90,30,30,1345,1345,FALSE,"90_90","30_30","90_30","90_30"
"s87","p736",90,90,30,30,1495,1495,FALSE,"90_90","30_30","90_30","90_30"
"s88","p736",90,90,30,30,1222,1222,FALSE,"90_90","30_30","90_30","90_30"
"s89","p736",90,90,30,30,961,961,FALSE,"90_90","30_30","90_30","90_30"
"s90","p736",90,90,30,30,1459,1459,FALSE,"90_90","30_30","90_30","90_30"
"s91","p736",90,90,30,30,951,951,FALSE,"90_90","30_30","90_30","90_30"
"s92","p736",90,90,30,30,1090,1090,FALSE,"90_90","30_30","90_30","90_30"
"s93","p736",90,90,30,30,976,976,FALSE,"90_90","30_30","90_30","90_30"
"s94","p736",90,90,30,30,1046,1046,FALSE,"90_90","30_30","90_30","90_30"
"s95","p736",90,90,30,30,1346,1346,FALSE,"90_90","30_30","90_30","90_30"
"s96","p736",90,90,30,30,1444,1444,FALSE,"90_90","30_30","90_30","90_30"
"s97","p736",90,90,30,30,1295,1295,FALSE,"90_90","30_30","90_30","90_30"
"s98","p736",90,90,30,30,1312,1312,FALSE,"90_90","30_30","90_30","90_30"
"s99","p736",90,90,30,30,981,981,FALSE,"90_90","30_30","90_30","90_30"
"s100","p736",90,90,30,30,1266,1266,FALSE,"90_90","30_30","90_30","90_30"
"s101","p736",90,45,30,45,1150,1150,TRUE,"90_45","30_45","90_30","45_45"
"s102","p736",45,45,45,45,1194,1194,FALSE,"45_45","45_45","45_45","45_45"
"s103","p736",45,45,45,45,1101,1101,FALSE,"45_45","45_45","45_45","45_45"
"s104","p736",45,45,45,45,906,906,FALSE,"45_45","45_45","45_45","45_45"
"s105","p736",45,45,45,45,922,922,FALSE,"45_45","45_45","45_45","45_45"
"s106","p736",45,45,45,45,977,977,FALSE,"45_45","45_45","45_45","45_45"
"s107","p736",45,45,45,45,1092,1092,FALSE,"45_45","45_45","45_45","45_45"
"s108","p736",45,45,45,45,1151,1151,FALSE,"45_45","45_45","45_45","45_45"
"s109","p736",45,45,45,45,1159,1159,FALSE,"45_45","45_45","45_45","45_45"
"s110","p736",45,45,45,45,1185,1185,FALSE,"45_45","45_45","45_45","45_45"
"s111","p736",45,45,45,45,1133,1133,FALSE,"45_45","45_45","45_45","45_45"
"s112","p736",45,45,45,45,964,964,FALSE,"45_45","45_45","45_45","45_45"
"s113","p736",45,45,45,45,1059,1059,FALSE,"45_45","45_45","45_45","45_45"
"s114","p736",45,45,45,45,1100,1100,FALSE,"45_45","45_45","45_45","45_45"
"s115","p736",45,45,45,45,914,914,FALSE,"45_45","45_45","45_45","45_45"
"s116","p736",45,27,45,135,1729,1729,TRUE,"45_27","45_135","45_45","27_135"
"s117","p736",27,27,135,135,2027,2027,FALSE,"27_27","135_135","27_135","27_135"
"s118","p736",27,225,135,25,1373,1373,TRUE,"27_225","135_25","27_135","225_25"
"s119","p736",225,225,25,25,2174,2174,FALSE,"225_225","25_25","225_25","225_25"
"s120","p736",225,225,25,25,1883,1883,FALSE,"225_225","25_25","225_25","225_25"
"s121","p736",225,24,25,360,1736,1736,TRUE,"225_24","25_360","225_25","24_360"
"s122","p736",24,24,360,360,1857,1857,FALSE,"24_24","360_360","24_360","24_360"
"s123","p736",24,63,360,35,1251,1251,TRUE,"24_63","360_35","24_360","63_35"
"s124","p736",63,30,35,90,1695,1695,TRUE,"63_30","35_90","63_35","30_90"
"s125","p736",30,225,90,25,2333,2333,TRUE,"30_225","90_25","30_90","225_25"
"s126","p736",225,27,25,135,1977,1977,TRUE,"225_27","25_135","225_25","27_135"
"s127","p736",27,27,135,135,2319,2319,FALSE,"27_27","135_135","27_135","27_135"
"s128","p736",27,27,135,135,1364,1364,FALSE,"27_27","135_135","27_135","27_135"
"s129","p736",27,27,135,135,1344,1344,FALSE,"27_27","135_135","27_135","27_135"
"s130","p736",27,90,135,30,1332,1332,TRUE,"27_90","135_30","27_135","90_30"
"s131","p736",90,25,30,225,1915,1915,TRUE,"90_25","30_225","90_30","25_225"
"s132","p736",25,360,225,24,1731,1731,TRUE,"25_360","225_24","25_225","360_24"
"s133","p736",360,24,24,360,2338,2338,TRUE,"360_24","24_360","360_24","24_360"
"s134","p736",24,24,360,360,1564,1564,FALSE,"24_24","360_360","24_360","24_360"
"s135","p736",24,90,360,30,1277,1277,TRUE,"24_90","360_30","24_360","90_30"
"s136","p736",90,90,30,30,1852,1852,FALSE,"90_90","30_30","90_30","90_30"
"s137","p736",90,90,30,30,2057,2057,FALSE,"90_90","30_30","90_30","90_30"
"s138","p736",90,30,30,90,2306,2306,TRUE,"90_30","30_90","90_30","30_90"
"s139","p736",30,225,90,25,1404,1404,TRUE,"30_225","90_25","30_90","225_25"
"s140","p736",225,225,25,25,2282,2282,FALSE,"225_225","25_25","225_25","225_25"
"s141","p736",225,225,25,25,1851,1851,FALSE,"225_225","25_25","225_25","225_25"
"s142","p736",225,225,25,25,1396,1396,FALSE,"225_225","25_25","225_25","225_25"
"s143","p736",225,27,25,135,1999,1999,TRUE,"225_27","25_135","225_25","27_135"
"s144","p736",27,225,135,25,2291,2291,TRUE,"27_225","135_25","27_135","225_25"
"s145","p736",225,35,25,63,2034,2034,TRUE,"225_35","25_63","225_25","35_63"
"s146","p736",35,35,63,63,1636,1636,FALSE,"35_35","63_63","35_63","35_63"
"s147","p736",35,63,63,35,1634,1634,TRUE,"35_63","63_35","35_63","63_35"
"s148","p736",63,63,35,35,1456,1456,FALSE,"63_63","35_35","63_35","63_35"
"s149","p736",63,30,35,90,1960,1960,TRUE,"63_30","35_90","63_35","30_90"
"s150","p736",30,225,90,25,1586,1586,TRUE,"30_225","90_25","30_90","225_25"
"s151","p736",225,24,25,360,2070,2070,TRUE,"225_24","25_360","225_25","24_360"
"s152","p736",24,225,360,25,2344,2344,TRUE,"24_225","360_25","24_360","225_25"
"s153","p736",225,225,25,25,1319,1319,FALSE,"225_225","25_25","225_25","225_25"
"s154","p736",225,25,25,225,1562,1562,TRUE,"225_25","25_225","225_25","25_225"
"s155","p736",25,25,225,225,2169,2169,FALSE,"25_25","225_225","25_225","25_225"
"s156","p736",25,63,225,35,2354,2354,TRUE,"25_63","225_35","25_225","63_35"
"s157","p736",63,24,35,360,2350,2350,TRUE,"63_24","35_360","63_35","24_360"
"s158","p736",24,360,360,24,1633,1633,TRUE,"24_360","360_24","24_360","360_24"
"s159","p736",360,35,24,63,1873,1873,TRUE,"360_35","24_63","360_24","35_63"
"s160","p736",35,35,63,63,1271,1271,FALSE,"35_35","63_63","35_63","35_63"
"s161","p736",35,63,63,35,1907,1907,TRUE,"35_63","63_35","35_63","63_35"
"s162","p736",63,63,35,35,1576,1576,FALSE,"63_63","35_35","63_35","63_35"
"s163","p736",63,63,35,35,1388,1388,FALSE,"63_63","35_35","63_35","63_35"
"s164","p736",63,63,35,35,1404,1404,FALSE,"63_63","35_35","63_35","63_35"
"s165","p736",63,24,35,360,2332,2332,TRUE,"63_24","35_360","63_35","24_360"
"s166","p736",24,24,360,360,1840,1840,FALSE,"24_24","360_360","24_360","24_360"
"s167","p736",24,24,360,360,1899,1899,FALSE,"24_24","360_360","24_360","24_360"
"s168","p736",24,24,360,360,1581,1581,FALSE,"24_24","360_360","24_360","24_360"
"s169","p736",24,135,360,27,2388,2388,TRUE,"24_135","360_27","24_360","135_27"
"s170","p736",135,24,27,360,2352,2352,TRUE,"135_24","27_360","135_27","24_360"
"s171","p736",24,24,360,360,1600,1600,FALSE,"24_24","360_360","24_360","24_360"
"s172","p736",24,90,360,30,1343,1343,TRUE,"24_90","360_30","24_360","90_30"
"s173","p736",90,25,30,225,1211,1211,TRUE,"90_25","30_225","90_30","25_225"
"s174","p736",25,90,225,30,2044,2044,TRUE,"25_90","225_30","25_225","90_30"
"s175","p736",90,90,30,30,1636,1636,FALSE,"90_90","30_30","90_30","90_30"
"s176","p736",90,35,30,63,1929,1929,TRUE,"90_35","30_63","90_30","35_63"
"s177","p736",35,360,63,24,1453,1453,TRUE,"35_360","63_24","35_63","360_24"
"s178","p736",360,25,24,225,1326,1326,TRUE,"360_25","24_225","360_24","25_225"
"s179","p736",25,25,225,225,2300,2300,FALSE,"25_25","225_225","25_225","25_225"
"s180","p736",25,Inf,225,Inf,1228,1228,TRUE,"25_Inf","225_Inf","25_225","Inf_Inf"
