"bird","session","date","med_program"
"p510",116,"2017-10-23","L_45_45_45_R_45_45_45"
"p054",116,"2017-10-23","L_45_45_45_R_45_45_45"
"p530",116,"2017-10-23","L_45_24_24_R_45_360_360"
"p736",116,"2017-10-23","L_45_27_27_R_45_135_135"
"p004",116,"2017-10-23","L_45_45_45_R_45_45_45"
"p138",116,"2017-10-23","L_45_45_45_R_45_45_45"
"p510",117,"2017-10-24","L_45_24_24_R_45_360_360"
"p054",117,"2017-10-24","L_45_30_30_R_45_90_90"
"p530",117,"2017-10-24","L_24_24_24_R_360_360_360"
"p736",117,"2017-10-24","L_27_27_27_R_135_135_135"
"p004",117,"2017-10-24","L_45_25_25_R_45_225_225"
"p138",117,"2017-10-24","L_45_30_30_R_45_90_90"
"p510",118,"2017-10-25","L_24_24_24_R_360_360_360"
"p054",118,"2017-10-25","L_30_225_225_R_90_25_25"
"p530",118,"2017-10-25","L_24_360_360_R_360_24_24"
"p736",118,"2017-10-25","L_27_225_225_R_135_25_25"
"p004",118,"2017-10-25","L_25_25_25_R_225_225_225"
"p138",118,"2017-10-25","L_30_30_30_R_90_90_90"
"p510",119,"2017-10-26","L_24_24_24_R_360_360_360"
"p054",119,"2017-10-26","L_225_225_225_R_25_25_25"
"p530",119,"2017-10-26","L_360_30_30_R_24_90_90"
"p736",119,"2017-10-26","L_225_225_225_R_25_25_25"
"p004",119,"2017-10-26","L_25_25_25_R_225_225_225"
"p138",119,"2017-10-26","L_30_30_30_R_90_90_90"
"p510",120,"2017-10-27","L_24_360_360_R_360_24_24"
"p054",120,"2017-10-27","L_225_225_225_R_25_25_25"
"p530",120,"2017-10-27","L_30_135_135_R_90_27_27"
"p736",120,"2017-10-27","L_225_225_225_R_25_25_25"
"p004",120,"2017-10-27","L_25_25_25_R_225_225_225"
"p138",120,"2017-10-27","L_30_30_30_R_90_90_90"
"p510",121,"2017-10-28","L_360_27_27_R_24_135_135"
"p054",121,"2017-10-28","L_225_225_225_R_25_25_25"
"p530",121,"2017-10-28","L_135_25_25_R_27_225_225"
"p736",121,"2017-10-28","L_225_24_24_R_25_360_360"
"p004",121,"2017-10-28","L_25_25_25_R_225_225_225"
"p138",121,"2017-10-28","L_30_30_30_R_90_90_90"
"p510",122,"2017-10-29","L_27_27_27_R_135_135_135"
"p054",122,"2017-10-29","L_225_225_225_R_25_25_25"
"p530",122,"2017-10-29","L_25_25_25_R_225_225_225"
"p736",122,"2017-10-29","L_24_24_24_R_360_360_360"
"p004",122,"2017-10-29","L_25_25_25_R_225_225_225"
"p138",122,"2017-10-29","L_30_30_30_R_90_90_90"
"p510",123,"2017-10-30","L_27_90_90_R_135_30_30"
"p054",123,"2017-10-30","L_225_225_225_R_25_25_25"
"p530",123,"2017-10-30","L_25_25_25_R_225_225_225"
"p736",123,"2017-10-30","L_24_63_63_R_360_35_35"
"p004",123,"2017-10-30","L_25_25_25_R_225_225_225"
"p138",123,"2017-10-30","L_30_225_225_R_90_25_25"
"p510",124,"2017-10-31","L_90_24_24_R_30_360_360"
"p054",124,"2017-10-31","L_225_24_24_R_25_360_360"
"p530",124,"2017-10-31","L_25_25_25_R_225_225_225"
"p736",124,"2017-10-31","L_63_30_30_R_35_90_90"
"p004",124,"2017-10-31","L_25_135_135_R_225_27_27"
"p138",124,"2017-10-31","L_225_30_30_R_25_90_90"
"p510",125,"2017-11-01","L_24_225_225_R_360_25_25"
"p054",125,"2017-11-01","L_24_360_360_R_360_24_24"
"p530",125,"2017-11-01","L_25_90_90_R_225_30_30"
"p736",125,"2017-11-01","L_30_225_225_R_90_25_25"
"p004",125,"2017-11-01","L_135_35_35_R_27_63_63"
"p138",125,"2017-11-01","L_30_63_63_R_90_35_35"
"p510",126,"2017-11-02","L_225_30_30_R_25_90_90"
"p054",126,"2017-11-02","L_360_25_25_R_24_225_225"
"p530",126,"2017-11-02","L_90_90_90_R_30_30_30"
"p736",126,"2017-11-02","L_225_27_27_R_25_135_135"
"p004",126,"2017-11-02","L_35_135_135_R_63_27_27"
"p138",126,"2017-11-02","L_63_63_63_R_35_35_35"
"p510",127,"2017-11-03","L_30_30_30_R_90_90_90"
"p054",127,"2017-11-03","L_25_135_135_R_225_27_27"
"p530",127,"2017-11-03","L_90_24_24_R_30_360_360"
"p736",127,"2017-11-03","L_27_27_27_R_135_135_135"
"p004",127,"2017-11-03","L_135_25_25_R_27_225_225"
"p138",127,"2017-11-03","L_63_63_63_R_35_35_35"
"p510",128,"2017-11-04","L_30_90_90_R_90_30_30"
"p054",128,"2017-11-04","L_135_135_135_R_27_27_27"
"p530",128,"2017-11-04","L_24_24_24_R_360_360_360"
"p736",128,"2017-11-04","L_27_27_27_R_135_135_135"
"p004",128,"2017-11-04","L_25_25_25_R_225_225_225"
"p138",128,"2017-11-04","L_63_27_27_R_35_135_135"
"p510",129,"2017-11-05","L_90_90_90_R_30_30_30"
"p054",129,"2017-11-05","L_135_135_135_R_27_27_27"
"p530",129,"2017-11-05","L_24_24_24_R_360_360_360"
"p736",129,"2017-11-05","L_27_27_27_R_135_135_135"
"p004",129,"2017-11-05","L_25_225_225_R_225_25_25"
"p138",129,"2017-11-05","L_27_27_27_R_135_135_135"
"p510",130,"2017-11-06","L_90_90_90_R_30_30_30"
"p054",130,"2017-11-06","L_135_30_30_R_27_90_90"
"p530",130,"2017-11-06","L_24_63_63_R_360_35_35"
"p736",130,"2017-11-06","L_27_90_90_R_135_30_30"
"p004",130,"2017-11-06","L_225_25_25_R_25_225_225"
"p138",130,"2017-11-06","L_27_90_90_R_135_30_30"
"p510",131,"2017-11-07","L_90_90_90_R_30_30_30"
"p054",131,"2017-11-07","L_30_90_90_R_90_30_30"
"p530",131,"2017-11-07","L_63_63_63_R_35_35_35"
"p736",131,"2017-11-07","L_90_25_25_R_30_225_225"
"p004",131,"2017-11-07","L_25_63_63_R_225_35_35"
"p138",131,"2017-11-07","L_90_90_90_R_30_30_30"
"p510",132,"2017-11-08","L_90_90_90_R_30_30_30"
"p054",132,"2017-11-08","L_90_30_30_R_30_90_90"
"p530",132,"2017-11-08","L_63_30_30_R_35_90_90"
"p736",132,"2017-11-08","L_25_360_360_R_225_24_24"
"p004",132,"2017-11-08","L_63_24_24_R_35_360_360"
"p138",132,"2017-11-08","L_90_90_90_R_30_30_30"
"p510",133,"2017-11-09","L_90_90_90_R_30_30_30"
"p054",133,"2017-11-09","L_30_30_30_R_90_90_90"
"p530",133,"2017-11-09","L_30_30_30_R_90_90_90"
"p736",133,"2017-11-09","L_360_24_24_R_24_360_360"
"p004",133,"2017-11-09","L_24_24_24_R_360_360_360"
"p138",133,"2017-11-09","L_90_90_90_R_30_30_30"
"p510",134,"2017-11-10","L_90_30_30_R_30_90_90"
"p054",134,"2017-11-10","L_30_225_225_R_90_25_25"
"p530",134,"2017-11-10","L_30_135_135_R_90_27_27"
"p736",134,"2017-11-10","L_24_24_24_R_360_360_360"
"p004",134,"2017-11-10","L_24_24_24_R_360_360_360"
"p138",134,"2017-11-10","L_90_24_24_R_30_360_360"
"p510",135,"2017-11-11","L_30_90_90_R_90_30_30"
"p054",135,"2017-11-11","L_225_27_27_R_25_135_135"
"p530",135,"2017-11-11","L_135_135_135_R_27_27_27"
"p736",135,"2017-11-11","L_24_90_90_R_360_30_30"
"p004",135,"2017-11-11","L_24_90_90_R_360_30_30"
"p138",135,"2017-11-11","L_24_360_360_R_360_24_24"
"p510",136,"2017-11-12","L_90_24_24_R_30_360_360"
"p054",136,"2017-11-12","L_27_27_27_R_135_135_135"
"p530",136,"2017-11-12","L_135_27_27_R_27_135_135"
"p736",136,"2017-11-12","L_90_90_90_R_30_30_30"
"p004",136,"2017-11-12","L_90_25_25_R_30_225_225"
"p138",136,"2017-11-12","L_360_360_360_R_24_24_24"
"p510",137,"2017-11-13","L_24_225_225_R_360_25_25"
"p054",137,"2017-11-13","L_27_27_27_R_135_135_135"
"p530",137,"2017-11-13","L_27_225_225_R_135_25_25"
"p736",137,"2017-11-13","L_90_90_90_R_30_30_30"
"p004",137,"2017-11-13","L_25_63_63_R_225_35_35"
"p138",137,"2017-11-13","L_360_360_360_R_24_24_24"
"p510",138,"2017-11-14","L_225_225_225_R_25_25_25"
"p054",138,"2017-11-14","L_27_27_27_R_135_135_135"
"p530",138,"2017-11-14","L_225_27_27_R_25_135_135"
"p736",138,"2017-11-14","L_90_30_30_R_30_90_90"
"p004",138,"2017-11-14","L_63_63_63_R_35_35_35"
"p138",138,"2017-11-14","L_360_35_35_R_24_63_63"
"p510",139,"2017-11-15","L_225_225_225_R_25_25_25"
"p054",139,"2017-11-15","L_27_27_27_R_135_135_135"
"p530",139,"2017-11-15","L_27_27_27_R_135_135_135"
"p736",139,"2017-11-15","L_30_225_225_R_90_25_25"
"p004",139,"2017-11-15","L_63_63_63_R_35_35_35"
"p138",139,"2017-11-15","L_35_35_35_R_63_63_63"
"p510",140,"2017-11-16","L_225_25_25_R_25_225_225"
"p054",140,"2017-11-16","L_27_27_27_R_135_135_135"
"p530",140,"2017-11-16","L_27_225_225_R_135_25_25"
"p736",140,"2017-11-16","L_225_225_225_R_25_25_25"
"p004",140,"2017-11-16","L_63_24_24_R_35_360_360"
"p138",140,"2017-11-16","L_35_225_225_R_63_25_25"
"p510",141,"2017-11-17","L_25_25_25_R_225_225_225"
"p054",141,"2017-11-17","L_27_360_360_R_135_24_24"
"p530",141,"2017-11-17","L_225_24_24_R_25_360_360"
"p736",141,"2017-11-17","L_225_225_225_R_25_25_25"
"p004",141,"2017-11-17","L_24_24_24_R_360_360_360"
"p138",141,"2017-11-17","L_225_225_225_R_25_25_25"
"p510",142,"2017-11-18","L_25_25_25_R_225_225_225"
"p054",142,"2017-11-18","L_360_360_360_R_24_24_24"
"p530",142,"2017-11-18","L_24_135_135_R_360_27_27"
"p736",142,"2017-11-18","L_225_225_225_R_25_25_25"
"p004",142,"2017-11-18","L_24_360_360_R_360_24_24"
"p138",142,"2017-11-18","L_225_24_24_R_25_360_360"
"p510",143,"2017-11-19","L_25_25_25_R_225_225_225"
"p054",143,"2017-11-19","L_360_360_360_R_24_24_24"
"p530",143,"2017-11-19","L_135_135_135_R_27_27_27"
"p736",143,"2017-11-19","L_225_27_27_R_25_135_135"
"p004",143,"2017-11-19","L_360_27_27_R_24_135_135"
"p138",143,"2017-11-19","L_24_225_225_R_360_25_25"
"p510",144,"2017-11-20","L_25_90_90_R_225_30_30"
"p054",144,"2017-11-20","L_360_360_360_R_24_24_24"
"p530",144,"2017-11-20","L_135_24_24_R_27_360_360"
"p736",144,"2017-11-20","L_27_225_225_R_135_25_25"
"p004",144,"2017-11-20","L_27_135_135_R_135_27_27"
"p138",144,"2017-11-20","L_225_225_225_R_25_25_25"
"p510",145,"2017-11-21","L_90_90_90_R_30_30_30"
"p054",145,"2017-11-21","L_360_24_24_R_24_360_360"
"p530",145,"2017-11-21","L_24_24_24_R_360_360_360"
"p736",145,"2017-11-21","L_225_35_35_R_25_63_63"
"p004",145,"2017-11-21","L_135_135_135_R_27_27_27"
"p138",145,"2017-11-21","L_225_35_35_R_25_63_63"
"p510",146,"2017-11-22","L_90_25_25_R_30_225_225"
"p054",146,"2017-11-22","L_24_135_135_R_360_27_27"
"p530",146,"2017-11-22","L_24_360_360_R_360_24_24"
"p736",146,"2017-11-22","L_35_35_35_R_63_63_63"
"p004",146,"2017-11-22","L_135_135_135_R_27_27_27"
"p138",146,"2017-11-22","L_35_35_35_R_63_63_63"
"p510",147,"2017-11-23","L_25_25_25_R_225_225_225"
"p054",147,"2017-11-23","L_135_35_35_R_27_63_63"
"p530",147,"2017-11-23","L_360_24_24_R_24_360_360"
"p736",147,"2017-11-23","L_35_63_63_R_63_35_35"
"p004",147,"2017-11-23","L_135_135_135_R_27_27_27"
"p138",147,"2017-11-23","L_35_360_360_R_63_24_24"
"p510",148,"2017-11-24","L_25_25_25_R_225_225_225"
"p054",148,"2017-11-24","L_35_225_225_R_63_25_25"
"p530",148,"2017-11-24","L_24_63_63_R_360_35_35"
"p736",148,"2017-11-24","L_63_63_63_R_35_35_35"
"p004",148,"2017-11-24","L_135_35_35_R_27_63_63"
"p138",148,"2017-11-24","L_360_30_30_R_24_90_90"
"p510",149,"2017-11-25","L_25_225_225_R_225_25_25"
"p054",149,"2017-11-25","L_225_225_225_R_25_25_25"
"p530",149,"2017-11-25","L_63_24_24_R_35_360_360"
"p736",149,"2017-11-25","L_63_30_30_R_35_90_90"
"p004",149,"2017-11-25","L_35_225_225_R_63_25_25"
"p138",149,"2017-11-25","L_30_360_360_R_90_24_24"
"p510",150,"2017-11-26","L_225_25_25_R_25_225_225"
"p054",150,"2017-11-26","L_225_225_225_R_25_25_25"
"p530",150,"2017-11-26","L_24_24_24_R_360_360_360"
"p736",150,"2017-11-26","L_30_225_225_R_90_25_25"
"p004",150,"2017-11-26","L_225_24_24_R_25_360_360"
"p138",150,"2017-11-26","L_360_360_360_R_24_24_24"
"p510",151,"2017-11-27","L_25_25_25_R_225_225_225"
"p054",151,"2017-11-27","L_225_25_25_R_25_225_225"
"p530",151,"2017-11-27","L_24_135_135_R_360_27_27"
"p736",151,"2017-11-27","L_225_24_24_R_25_360_360"
"p004",151,"2017-11-27","L_24_135_135_R_360_27_27"
"p138",151,"2017-11-27","L_360_25_25_R_24_225_225"
"p510",152,"2017-11-28","L_25_90_90_R_225_30_30"
"p054",152,"2017-11-28","L_25_63_63_R_225_35_35"
"p530",152,"2017-11-28","L_135_135_135_R_27_27_27"
"p736",152,"2017-11-28","L_24_225_225_R_360_25_25"
"p004",152,"2017-11-28","L_135_135_135_R_27_27_27"
"p138",152,"2017-11-28","L_25_360_360_R_225_24_24"
"p510",153,"2017-11-29","L_90_90_90_R_30_30_30"
"p054",153,"2017-11-29","L_63_63_63_R_35_35_35"
"p530",153,"2017-11-29","L_135_135_135_R_27_27_27"
"p736",153,"2017-11-29","L_225_225_225_R_25_25_25"
"p004",153,"2017-11-29","L_135_135_135_R_27_27_27"
"p138",153,"2017-11-29","L_360_360_360_R_24_24_24"
"p510",154,"2017-11-30","L_90_90_90_R_30_30_30"
"p054",154,"2017-11-30","L_63_63_63_R_35_35_35"
"p530",154,"2017-11-30","L_135_135_135_R_27_27_27"
"p736",154,"2017-11-30","L_225_25_25_R_25_225_225"
"p004",154,"2017-11-30","L_135_30_30_R_27_90_90"
"p138",154,"2017-11-30","L_360_360_360_R_24_24_24"
"p510",155,"2017-12-01","L_90_27_27_R_30_135_135"
"p054",155,"2017-12-01","L_63_63_63_R_35_35_35"
"p530",155,"2017-12-01","L_135_35_35_R_27_63_63"
"p736",155,"2017-12-01","L_25_25_25_R_225_225_225"
"p004",155,"2017-12-01","L_30_360_360_R_90_24_24"
"p138",155,"2017-12-01","L_360_25_25_R_24_225_225"
"p510",156,"2017-12-02","L_27_135_135_R_135_27_27"
"p054",156,"2017-12-02","L_63_63_63_R_35_35_35"
"p530",156,"2017-12-02","L_35_225_225_R_63_25_25"
"p736",156,"2017-12-02","L_25_63_63_R_225_35_35"
"p004",156,"2017-12-02","L_360_360_360_R_24_24_24"
"p138",156,"2017-12-02","L_25_25_25_R_225_225_225"
"p510",157,"2017-12-03","L_135_135_135_R_27_27_27"
"p054",157,"2017-12-03","L_63_63_63_R_35_35_35"
"p530",157,"2017-12-03","L_225_25_25_R_25_225_225"
"p736",157,"2017-12-03","L_63_24_24_R_35_360_360"
"p004",157,"2017-12-03","L_360_360_360_R_24_24_24"
"p138",157,"2017-12-03","L_25_25_25_R_225_225_225"
"p510",158,"2017-12-04","L_135_24_24_R_27_360_360"
"p054",158,"2017-12-04","L_63_63_63_R_35_35_35"
"p530",158,"2017-12-04","L_25_25_25_R_225_225_225"
"p736",158,"2017-12-04","L_24_360_360_R_360_24_24"
"p004",158,"2017-12-04","L_360_30_30_R_24_90_90"
"p138",158,"2017-12-04","L_25_25_25_R_225_225_225"
"p510",159,"2017-12-05","L_24_135_135_R_360_27_27"
"p054",159,"2017-12-05","L_63_24_24_R_35_360_360"
"p530",159,"2017-12-05","L_25_135_135_R_225_27_27"
"p736",159,"2017-12-05","L_360_35_35_R_24_63_63"
"p004",159,"2017-12-05","L_30_63_63_R_90_35_35"
"p138",159,"2017-12-05","L_25_25_25_R_225_225_225"
"p510",160,"2017-12-06","L_135_35_35_R_27_63_63"
"p054",160,"2017-12-06","L_24_24_24_R_360_360_360"
"p530",160,"2017-12-06","L_135_27_27_R_27_135_135"
"p736",160,"2017-12-06","L_35_35_35_R_63_63_63"
"p004",160,"2017-12-06","L_63_63_63_R_35_35_35"
"p138",160,"2017-12-06","L_25_135_135_R_225_27_27"
"p510",161,"2017-12-07","L_35_35_35_R_63_63_63"
"p054",161,"2017-12-07","L_24_24_24_R_360_360_360"
"p530",161,"2017-12-07","L_27_27_27_R_135_135_135"
"p736",161,"2017-12-07","L_35_63_63_R_63_35_35"
"p004",161,"2017-12-07","L_63_30_30_R_35_90_90"
"p138",161,"2017-12-07","L_135_30_30_R_27_90_90"
"p510",162,"2017-12-08","L_35_35_35_R_63_63_63"
"p054",162,"2017-12-08","L_24_90_90_R_360_30_30"
"p530",162,"2017-12-08","L_27_27_27_R_135_135_135"
"p736",162,"2017-12-08","L_63_63_63_R_35_35_35"
"p004",162,"2017-12-08","L_30_360_360_R_90_24_24"
"p138",162,"2017-12-08","L_30_30_30_R_90_90_90"
"p510",163,"2017-12-09","L_35_135_135_R_63_27_27"
"p054",163,"2017-12-09","L_90_90_90_R_30_30_30"
"p530",163,"2017-12-09","L_27_135_135_R_135_27_27"
"p736",163,"2017-12-09","L_63_63_63_R_35_35_35"
"p004",163,"2017-12-09","L_360_360_360_R_24_24_24"
"p138",163,"2017-12-09","L_30_90_90_R_90_30_30"
"p510",164,"2017-12-10","L_135_135_135_R_27_27_27"
"p054",164,"2017-12-10","L_90_24_24_R_30_360_360"
"p530",164,"2017-12-10","L_135_35_35_R_27_63_63"
"p736",164,"2017-12-10","L_63_63_63_R_35_35_35"
"p004",164,"2017-12-10","L_360_35_35_R_24_63_63"
"p138",164,"2017-12-10","L_90_90_90_R_30_30_30"
"p510",165,"2017-12-11","L_135_135_135_R_27_27_27"
"p054",165,"2017-12-11","L_24_24_24_R_360_360_360"
"p530",165,"2017-12-11","L_35_35_35_R_63_63_63"
"p736",165,"2017-12-11","L_63_24_24_R_35_360_360"
"p004",165,"2017-12-11","L_35_63_63_R_63_35_35"
"p138",165,"2017-12-11","L_90_90_90_R_30_30_30"
"p510",166,"2017-12-12","L_135_35_35_R_27_63_63"
"p054",166,"2017-12-12","L_24_24_24_R_360_360_360"
"p530",166,"2017-12-12","L_35_63_63_R_63_35_35"
"p736",166,"2017-12-12","L_24_24_24_R_360_360_360"
"p004",166,"2017-12-12","L_63_63_63_R_35_35_35"
"p138",166,"2017-12-12","L_90_90_90_R_30_30_30"
"p510",167,"2017-12-13","L_35_35_35_R_63_63_63"
"p054",167,"2017-12-13","L_24_63_63_R_360_35_35"
"p530",167,"2017-12-13","L_63_63_63_R_35_35_35"
"p736",167,"2017-12-13","L_24_24_24_R_360_360_360"
"p004",167,"2017-12-13","L_63_24_24_R_35_360_360"
"p138",167,"2017-12-13","L_90_25_25_R_30_225_225"
"p510",168,"2017-12-14","L_35_35_35_R_63_63_63"
"p054",168,"2017-12-14","L_63_30_30_R_35_90_90"
"p530",168,"2017-12-14","L_63_27_27_R_35_135_135"
"p736",168,"2017-12-14","L_24_24_24_R_360_360_360"
"p004",168,"2017-12-14","L_24_63_63_R_360_35_35"
"p138",168,"2017-12-14","L_25_25_25_R_225_225_225"
"p510",169,"2017-12-15","L_35_225_225_R_63_25_25"
"p054",169,"2017-12-15","L_30_360_360_R_90_24_24"
"p530",169,"2017-12-15","L_27_225_225_R_135_25_25"
"p736",169,"2017-12-15","L_24_135_135_R_360_27_27"
"p004",169,"2017-12-15","L_63_25_25_R_35_225_225"
"p138",169,"2017-12-15","L_25_90_90_R_225_30_30"
"p510",170,"2017-12-16","L_225_225_225_R_25_25_25"
"p054",170,"2017-12-16","L_360_360_360_R_24_24_24"
"p530",170,"2017-12-16","L_225_35_35_R_25_63_63"
"p736",170,"2017-12-16","L_135_24_24_R_27_360_360"
"p004",170,"2017-12-16","L_25_25_25_R_225_225_225"
"p138",170,"2017-12-16","L_90_90_90_R_30_30_30"
"p510",171,"2017-12-17","L_225_225_225_R_25_25_25"
"p054",171,"2017-12-17","L_360_30_30_R_24_90_90"
"p530",171,"2017-12-17","L_35_35_35_R_63_63_63"
"p736",171,"2017-12-17","L_24_24_24_R_360_360_360"
"p004",171,"2017-12-17","L_25_360_360_R_225_24_24"
"p138",171,"2017-12-17","L_90_35_35_R_30_63_63"
"p510",172,"2017-12-18","L_225_225_225_R_25_25_25"
"p054",172,"2017-12-18","L_30_30_30_R_90_90_90"
"p530",172,"2017-12-18","L_35_35_35_R_63_63_63"
"p736",172,"2017-12-18","L_24_90_90_R_360_30_30"
"p004",172,"2017-12-18","L_360_35_35_R_24_63_63"
"p138",172,"2017-12-18","L_35_35_35_R_63_63_63"
"p510",173,"2017-12-19","L_225_225_225_R_25_25_25"
"p054",173,"2017-12-19","L_30_30_30_R_90_90_90"
"p530",173,"2017-12-19","L_35_35_35_R_63_63_63"
"p736",173,"2017-12-19","L_90_25_25_R_30_225_225"
"p004",173,"2017-12-19","L_35_135_135_R_63_27_27"
"p138",173,"2017-12-19","L_35_135_135_R_63_27_27"
"p510",174,"2017-12-20","L_225_225_225_R_25_25_25"
"p054",174,"2017-12-20","L_30_90_90_R_90_30_30"
"p530",174,"2017-12-20","L_35_360_360_R_63_24_24"
"p736",174,"2017-12-20","L_25_90_90_R_225_30_30"
"p004",174,"2017-12-20","L_135_135_135_R_27_27_27"
"p138",174,"2017-12-20","L_135_25_25_R_27_225_225"
"p510",175,"2017-12-21","L_225_225_225_R_25_25_25"
"p054",175,"2017-12-21","L_90_90_90_R_30_30_30"
"p530",175,"2017-12-21","L_360_360_360_R_24_24_24"
"p736",175,"2017-12-21","L_90_90_90_R_30_30_30"
"p004",175,"2017-12-21","L_135_135_135_R_27_27_27"
"p138",175,"2017-12-21","L_25_135_135_R_225_27_27"
"p510",176,"2017-12-22","L_225_225_225_R_25_25_25"
"p054",176,"2017-12-22","L_90_90_90_R_30_30_30"
"p530",176,"2017-12-22","L_360_27_27_R_24_135_135"
"p736",176,"2017-12-22","L_90_35_35_R_30_63_63"
"p004",176,"2017-12-22","L_135_27_27_R_27_135_135"
"p138",176,"2017-12-22","L_135_135_135_R_27_27_27"
"p510",177,"2017-12-23","L_225_24_24_R_25_360_360"
"p054",177,"2017-12-23","L_90_27_27_R_30_135_135"
"p530",177,"2017-12-23","L_27_90_90_R_135_30_30"
"p736",177,"2017-12-23","L_35_360_360_R_63_24_24"
"p004",177,"2017-12-23","L_27_27_27_R_135_135_135"
"p138",177,"2017-12-23","L_135_25_25_R_27_225_225"
"p510",178,"2017-12-24","L_24_24_24_R_360_360_360"
"p054",178,"2017-12-24","L_27_135_135_R_135_27_27"
"p530",178,"2017-12-24","L_90_90_90_R_30_30_30"
"p736",178,"2017-12-24","L_360_25_25_R_24_225_225"
"p004",178,"2017-12-24","L_27_135_135_R_135_27_27"
"p138",178,"2017-12-24","L_25_135_135_R_225_27_27"
"p510",179,"2017-12-25","L_24_90_90_R_360_30_30"
"p054",179,"2017-12-25","L_135_135_135_R_27_27_27"
"p530",179,"2017-12-25","L_90_90_90_R_30_30_30"
"p736",179,"2017-12-25","L_25_25_25_R_225_225_225"
"p004",179,"2017-12-25","L_135_135_135_R_27_27_27"
"p138",179,"2017-12-25","L_135_135_135_R_27_27_27"
"p510",180,"2017-12-26","L_90_90_90_R_30_30_30"
"p054",180,"2017-12-26","L_135_27_27_R_27_135_135"
"p530",180,"2017-12-26","L_90_25_25_R_30_225_225"
"p736",180,"2017-12-26","L_25_135_135_R_225_27_27"
"p004",180,"2017-12-26","L_135_24_24_R_27_360_360"
"p138",180,"2017-12-26","L_135_135_135_R_27_27_27"
"p510",181,"2017-12-27","L_90_90_90_R_30_30_30"
"p054",181,"2017-12-27","L_27_135_135_R_135_27_27"
"p530",181,"2017-12-27","L_25_25_25_R_225_225_225"
"p736",181,"2017-12-27","L_135_135_135_R_27_27_27"
"p004",181,"2017-12-27","L_24_24_24_R_360_360_360"
"p138",181,"2017-12-27","L_135_25_25_R_27_225_225"
"p510",182,"2017-12-28","L_90_25_25_R_30_225_225"
"p054",182,"2017-12-28","L_135_24_24_R_27_360_360"
"p530",182,"2017-12-28","L_25_25_25_R_225_225_225"
"p736",182,"2017-12-28","L_135_27_27_R_27_135_135"
"p004",182,"2017-12-28","L_24_135_135_R_360_27_27"
"p138",182,"2017-12-28","L_25_25_25_R_225_225_225"
"p510",183,"2017-12-29","L_25_25_25_R_225_225_225"
"p054",183,"2017-12-29","L_24_225_225_R_360_25_25"
"p530",183,"2017-12-29","L_25_360_360_R_225_24_24"
"p736",183,"2017-12-29","L_27_360_360_R_135_24_24"
"p004",183,"2017-12-29","L_135_135_135_R_27_27_27"
"p138",183,"2017-12-29","L_25_25_25_R_225_225_225"
"p510",184,"2017-12-30","L_25_25_25_R_225_225_225"
"p054",184,"2017-12-30","L_225_30_30_R_25_90_90"
"p530",184,"2017-12-30","L_360_25_25_R_24_225_225"
"p736",184,"2017-12-30","L_360_360_360_R_24_24_24"
"p004",184,"2017-12-30","L_135_25_25_R_27_225_225"
"p138",184,"2017-12-30","L_25_25_25_R_225_225_225"
"p510",185,"2017-12-31","L_25_25_25_R_225_225_225"
"p054",185,"2017-12-31","L_30_90_90_R_90_30_30"
"p530",185,"2017-12-31","L_25_63_63_R_225_35_35"
"p736",185,"2017-12-31","L_360_360_360_R_24_24_24"
"p004",185,"2017-12-31","L_25_25_25_R_225_225_225"
"p138",185,"2017-12-31","L_25_225_225_R_225_25_25"
"p510",186,"2018-01-01","L_25_90_90_R_225_30_30"
"p054",186,"2018-01-01","L_90_30_30_R_30_90_90"
"p530",186,"2018-01-01","L_63_25_25_R_35_225_225"
"p736",186,"2018-01-01","L_360_25_25_R_24_225_225"
"p004",186,"2018-01-01","L_25_135_135_R_225_27_27"
"p138",186,"2018-01-01","L_225_24_24_R_25_360_360"
"p510",187,"2018-01-02","L_90_24_24_R_30_360_360"
"p054",187,"2018-01-02","L_30_225_225_R_90_25_25"
"p530",187,"2018-01-02","L_25_360_360_R_225_24_24"
"p736",187,"2018-01-02","L_25_360_360_R_225_24_24"
"p004",187,"2018-01-02","L_135_135_135_R_27_27_27"
"p138",187,"2018-01-02","L_24_24_24_R_360_360_360"
"p510",188,"2018-01-03","L_24_24_24_R_360_360_360"
"p054",188,"2018-01-03","L_225_225_225_R_25_25_25"
"p530",188,"2018-01-03","L_360_360_360_R_24_24_24"
"p736",188,"2018-01-03","L_360_30_30_R_24_90_90"
"p004",188,"2018-01-03","L_135_25_25_R_27_225_225"
"p138",188,"2018-01-03","L_24_360_360_R_360_24_24"
"p510",189,"2018-01-04","L_24_24_24_R_360_360_360"
"p054",189,"2018-01-04","L_225_24_24_R_25_360_360"
"p530",189,"2018-01-04","L_360_360_360_R_24_24_24"
"p736",189,"2018-01-04","L_30_135_135_R_90_27_27"
"p004",189,"2018-01-04","L_25_360_360_R_225_24_24"
"p138",189,"2018-01-04","L_360_30_30_R_24_90_90"
"p510",190,"2018-01-05","L_24_24_24_R_360_360_360"
"p054",190,"2018-01-05","L_24_135_135_R_360_27_27"
"p530",190,"2018-01-05","L_360_360_360_R_24_24_24"
"p736",190,"2018-01-05","L_135_25_25_R_27_225_225"
"p004",190,"2018-01-05","L_360_360_360_R_24_24_24"
"p138",190,"2018-01-05","L_30_90_90_R_90_30_30"
"p510",191,"2018-01-06","L_24_24_24_R_360_360_360"
"p054",191,"2018-01-06","L_135_135_135_R_27_27_27"
"p530",191,"2018-01-06","L_360_25_25_R_24_225_225"
"p736",191,"2018-01-06","L_25_25_25_R_225_225_225"
"p004",191,"2018-01-06","L_360_360_360_R_24_24_24"
"p138",191,"2018-01-06","L_90_25_25_R_30_225_225"
"p510",192,"2018-01-07","L_24_135_135_R_360_27_27"
"p054",192,"2018-01-07","L_135_35_35_R_27_63_63"
"p530",192,"2018-01-07","L_25_25_25_R_225_225_225"
"p736",192,"2018-01-07","L_25_25_25_R_225_225_225"
"p004",192,"2018-01-07","L_360_35_35_R_24_63_63"
"p138",192,"2018-01-07","L_25_25_25_R_225_225_225"
"p510",193,"2018-01-08","L_135_135_135_R_27_27_27"
"p054",193,"2018-01-08","L_35_90_90_R_63_30_30"
"p530",193,"2018-01-08","L_25_25_25_R_225_225_225"
"p736",193,"2018-01-08","L_25_25_25_R_225_225_225"
"p004",193,"2018-01-08","L_35_35_35_R_63_63_63"
"p138",193,"2018-01-08","L_25_90_90_R_225_30_30"
"p510",194,"2018-01-09","L_135_35_35_R_27_63_63"
"p054",194,"2018-01-09","L_90_35_35_R_30_63_63"
"p530",194,"2018-01-09","L_25_25_25_R_225_225_225"
"p736",194,"2018-01-09","L_25_25_25_R_225_225_225"
"p004",194,"2018-01-09","L_35_35_35_R_63_63_63"
"p138",194,"2018-01-09","L_90_30_30_R_30_90_90"
"p510",195,"2018-01-10","L_35_135_135_R_63_27_27"
"p054",195,"2018-01-10","L_35_35_35_R_63_63_63"
"p530",195,"2018-01-10","L_25_25_25_R_225_225_225"
"p736",195,"2018-01-10","L_25_25_25_R_225_225_225"
"p004",195,"2018-01-10","L_35_360_360_R_63_24_24"
"p138",195,"2018-01-10","L_30_30_30_R_90_90_90"
"p510",196,"2018-01-11","L_135_30_30_R_27_90_90"
"p054",196,"2018-01-11","L_35_135_135_R_63_27_27"
"p530",196,"2018-01-11","L_25_90_90_R_225_30_30"
"p736",196,"2018-01-11","L_25_25_25_R_225_225_225"
"p004",196,"2018-01-11","L_360_360_360_R_24_24_24"
"p138",196,"2018-01-11","L_30_30_30_R_90_90_90"
"p510",197,"2018-01-12","L_30_30_30_R_90_90_90"
"p054",197,"2018-01-12","L_135_27_27_R_27_135_135"
"p530",197,"2018-01-12","L_90_90_90_R_30_30_30"
"p736",197,"2018-01-12","L_25_63_63_R_225_35_35"
"p004",197,"2018-01-12","L_360_35_35_R_24_63_63"
"p138",197,"2018-01-12","L_30_30_30_R_90_90_90"
"p510",198,"2018-01-13","L_30_30_30_R_90_90_90"
"p054",198,"2018-01-13","L_27_90_90_R_135_30_30"
"p530",198,"2018-01-13","L_90_30_30_R_30_90_90"
"p736",198,"2018-01-13","L_63_63_63_R_35_35_35"
"p004",198,"2018-01-13","L_35_35_35_R_63_63_63"
"p138",198,"2018-01-13","L_30_30_30_R_90_90_90"
"p510",199,"2018-01-14","L_30_225_225_R_90_25_25"
"p054",199,"2018-01-14","L_90_90_90_R_30_30_30"
"p530",199,"2018-01-14","L_30_360_360_R_90_24_24"
"p736",199,"2018-01-14","L_63_30_30_R_35_90_90"
"p004",199,"2018-01-14","L_35_35_35_R_63_63_63"
"p138",199,"2018-01-14","L_30_360_360_R_90_24_24"
"p510",200,"2018-01-15","L_225_24_24_R_25_360_360"
"p054",200,"2018-01-15","L_90_30_30_R_30_90_90"
"p530",200,"2018-01-15","L_360_360_360_R_24_24_24"
"p736",200,"2018-01-15","L_30_30_30_R_90_90_90"
"p004",200,"2018-01-15","L_35_35_35_R_63_63_63"
"p138",200,"2018-01-15","L_360_35_35_R_24_63_63"
"p510",201,"2018-01-16","L_24_24_24_R_360_360_360"
"p054",201,"2018-01-16","L_30_30_30_R_90_90_90"
"p530",201,"2018-01-16","L_360_360_360_R_24_24_24"
"p736",201,"2018-01-16","L_30_225_225_R_90_25_25"
"p004",201,"2018-01-16","L_35_360_360_R_63_24_24"
"p138",201,"2018-01-16","L_35_63_63_R_63_35_35"
"p510",202,"2018-01-17","L_24_360_360_R_360_24_24"
"p054",202,"2018-01-17","L_30_30_30_R_90_90_90"
"p530",202,"2018-01-17","L_360_360_360_R_24_24_24"
"p736",202,"2018-01-17","L_225_30_30_R_25_90_90"
"p004",202,"2018-01-17","L_360_24_24_R_24_360_360"
"p138",202,"2018-01-17","L_63_27_27_R_35_135_135"
"p510",203,"2018-01-18","L_360_360_360_R_24_24_24"
"p054",203,"2018-01-18","L_30_30_30_R_90_90_90"
"p530",203,"2018-01-18","L_360_360_360_R_24_24_24"
"p736",203,"2018-01-18","L_30_360_360_R_90_24_24"
"p004",203,"2018-01-18","L_24_24_24_R_360_360_360"
"p138",203,"2018-01-18","L_27_135_135_R_135_27_27"
"p510",204,"2018-01-19","L_360_30_30_R_24_90_90"
"p054",204,"2018-01-19","L_30_90_90_R_90_30_30"
"p530",204,"2018-01-19","L_360_360_360_R_24_24_24"
"p736",204,"2018-01-19","L_360_360_360_R_24_24_24"
"p004",204,"2018-01-19","L_24_24_24_R_360_360_360"
"p138",204,"2018-01-19","L_135_30_30_R_27_90_90"
"p510",205,"2018-01-20","L_30_360_360_R_90_24_24"
"p054",205,"2018-01-20","L_90_90_90_R_30_30_30"
"p530",205,"2018-01-20","L_360_24_24_R_24_360_360"
"p736",205,"2018-01-20","L_360_360_360_R_24_24_24"
"p004",205,"2018-01-20","L_24_360_360_R_360_24_24"
"p138",205,"2018-01-20","L_30_30_30_R_90_90_90"
"p510",206,"2018-01-21","L_360_360_360_R_24_24_24"
"p054",206,"2018-01-21","L_90_35_35_R_30_63_63"
"p530",206,"2018-01-21","L_24_24_24_R_360_360_360"
"p736",206,"2018-01-21","L_360_360_360_R_24_24_24"
"p004",206,"2018-01-21","L_360_360_360_R_24_24_24"
"p138",206,"2018-01-21","L_30_225_225_R_90_25_25"
"p510",207,"2018-01-22","L_360_35_35_R_24_63_63"
"p054",207,"2018-01-22","L_35_35_35_R_63_63_63"
"p530",207,"2018-01-22","L_24_135_135_R_360_27_27"
"p736",207,"2018-01-22","L_360_27_27_R_24_135_135"
"p004",207,"2018-01-22","L_360_25_25_R_24_225_225"
"p138",207,"2018-01-22","L_225_25_25_R_25_225_225"
"p510",208,"2018-01-23","L_35_35_35_R_63_63_63"
"p054",208,"2018-01-23","L_35_135_135_R_63_27_27"
"p530",208,"2018-01-23","L_135_27_27_R_27_135_135"
"p736",208,"2018-01-23","L_27_27_27_R_135_135_135"
"p004",208,"2018-01-23","L_25_90_90_R_225_30_30"
"p138",208,"2018-01-23","L_25_135_135_R_225_27_27"
"p510",209,"2018-01-24","L_35_63_63_R_63_35_35"
"p054",209,"2018-01-24","L_135_135_135_R_27_27_27"
"p530",209,"2018-01-24","L_27_360_360_R_135_24_24"
"p736",209,"2018-01-24","L_27_135_135_R_135_27_27"
"p004",209,"2018-01-24","L_90_24_24_R_30_360_360"
"p138",209,"2018-01-24","L_135_30_30_R_27_90_90"
"p510",210,"2018-01-25","L_63_27_27_R_35_135_135"
"p054",210,"2018-01-25","L_135_135_135_R_27_27_27"
"p530",210,"2018-01-25","L_360_360_360_R_24_24_24"
"p736",210,"2018-01-25","L_135_35_35_R_27_63_63"
"p004",210,"2018-01-25","L_24_24_24_R_360_360_360"
"p138",210,"2018-01-25","L_30_30_30_R_90_90_90"
"p510",211,"2018-01-26","L_27_27_27_R_135_135_135"
"p054",211,"2018-01-26","L_135_135_135_R_27_27_27"
"p530",211,"2018-01-26","L_360_27_27_R_24_135_135"
"p736",211,"2018-01-26","L_35_135_135_R_63_27_27"
"p004",211,"2018-01-26","L_24_24_24_R_360_360_360"
"p138",211,"2018-01-26","L_30_135_135_R_90_27_27"
"p510",212,"2018-01-27","L_27_225_225_R_135_25_25"
"p054",212,"2018-01-27","L_135_30_30_R_27_90_90"
"p530",212,"2018-01-27","L_27_27_27_R_135_135_135"
"p736",212,"2018-01-27","L_135_135_135_R_27_27_27"
"p004",212,"2018-01-27","L_24_24_24_R_360_360_360"
"p138",212,"2018-01-27","L_135_135_135_R_27_27_27"
"p510",213,"2018-01-28","L_225_225_225_R_25_25_25"
"p054",213,"2018-01-28","L_30_360_360_R_90_24_24"
"p530",213,"2018-01-28","L_27_225_225_R_135_25_25"
"p736",213,"2018-01-28","L_135_24_24_R_27_360_360"
"p004",213,"2018-01-28","L_24_24_24_R_360_360_360"
"p138",213,"2018-01-28","L_135_25_25_R_27_225_225"
"p510",214,"2018-01-29","L_225_225_225_R_25_25_25"
"p054",214,"2018-01-29","L_360_30_30_R_24_90_90"
"p530",214,"2018-01-29","L_225_24_24_R_25_360_360"
"p736",214,"2018-01-29","L_24_24_24_R_360_360_360"
"p004",214,"2018-01-29","L_24_90_90_R_360_30_30"
"p138",214,"2018-01-29","L_25_360_360_R_225_24_24"
"p510",215,"2018-01-30","L_225_25_25_R_25_225_225"
"p054",215,"2018-01-30","L_30_90_90_R_90_30_30"
"p530",215,"2018-01-30","L_24_24_24_R_360_360_360"
"p736",215,"2018-01-30","L_24_24_24_R_360_360_360"
"p004",215,"2018-01-30","L_90_90_90_R_30_30_30"
"p138",215,"2018-01-30","L_360_360_360_R_24_24_24"
"p510",216,"2018-01-31","L_25_25_25_R_225_225_225"
"p054",216,"2018-01-31","L_90_90_90_R_30_30_30"
"p530",216,"2018-01-31","L_24_225_225_R_360_25_25"
"p736",216,"2018-01-31","L_24_360_360_R_360_24_24"
"p004",216,"2018-01-31","L_90_90_90_R_30_30_30"
"p138",216,"2018-01-31","L_360_35_35_R_24_63_63"
"p510",217,"2018-02-01","L_25_135_135_R_225_27_27"
"p054",217,"2018-02-01","L_90_30_30_R_30_90_90"
"p530",217,"2018-02-01","L_225_27_27_R_25_135_135"
"p736",217,"2018-02-01","L_360_25_25_R_24_225_225"
"p004",217,"2018-02-01","L_90_25_25_R_30_225_225"
"p138",217,"2018-02-01","L_35_135_135_R_63_27_27"
"p510",218,"2018-02-02","L_135_27_27_R_27_135_135"
"p054",218,"2018-02-02","L_30_30_30_R_90_90_90"
"p530",218,"2018-02-02","L_27_27_27_R_135_135_135"
"p736",218,"2018-02-02","L_25_25_25_R_225_225_225"
"p004",218,"2018-02-02","L_25_90_90_R_225_30_30"
"p138",218,"2018-02-02","L_135_27_27_R_27_135_135"
"p510",219,"2018-02-03","L_27_27_27_R_135_135_135"
"p054",219,"2018-02-03","L_30_30_30_R_90_90_90"
"p530",219,"2018-02-03","L_27_27_27_R_135_135_135"
"p736",219,"2018-02-03","L_25_225_225_R_225_25_25"
"p004",219,"2018-02-03","L_90_90_90_R_30_30_30"
"p138",219,"2018-02-03","L_27_27_27_R_135_135_135"
"p510",220,"2018-02-04","L_27_27_27_R_135_135_135"
"p054",220,"2018-02-04","L_30_30_30_R_90_90_90"
"p530",220,"2018-02-04","L_27_27_27_R_135_135_135"
"p736",220,"2018-02-04","L_225_25_25_R_25_225_225"
"p004",220,"2018-02-04","L_90_35_35_R_30_63_63"
"p138",220,"2018-02-04","L_27_135_135_R_135_27_27"
"p510",221,"2018-02-05","L_27_90_90_R_135_30_30"
"p054",221,"2018-02-05","L_30_30_30_R_90_90_90"
"p530",221,"2018-02-05","L_27_90_90_R_135_30_30"
"p736",221,"2018-02-05","L_25_25_25_R_225_225_225"
"p004",221,"2018-02-05","L_35_35_35_R_63_63_63"
"p138",221,"2018-02-05","L_135_135_135_R_27_27_27"
"p510",222,"2018-02-06","L_90_90_90_R_30_30_30"
"p054",222,"2018-02-06","L_30_135_135_R_90_27_27"
"p530",222,"2018-02-06","L_90_27_27_R_30_135_135"
"p736",222,"2018-02-06","L_25_135_135_R_225_27_27"
"p004",222,"2018-02-06","L_35_35_35_R_63_63_63"
"p138",222,"2018-02-06","L_135_135_135_R_27_27_27"
"p510",223,"2018-02-07","L_90_35_35_R_30_63_63"
"p054",223,"2018-02-07","L_135_135_135_R_27_27_27"
"p530",223,"2018-02-07","L_27_135_135_R_135_27_27"
"p736",223,"2018-02-07","L_135_25_25_R_27_225_225"
"p004",223,"2018-02-07","L_35_35_35_R_63_63_63"
"p138",223,"2018-02-07","L_135_35_35_R_27_63_63"
"p510",224,"2018-02-08","L_35_35_35_R_63_63_63"
"p054",224,"2018-02-08","L_135_135_135_R_27_27_27"
"p530",224,"2018-02-08","L_135_27_27_R_27_135_135"
"p736",224,"2018-02-08","L_25_25_25_R_225_225_225"
"p004",224,"2018-02-08","L_35_35_35_R_63_63_63"
"p138",224,"2018-02-08","L_35_35_35_R_63_63_63"
"p510",225,"2018-02-09","L_35_360_360_R_63_24_24"
"p054",225,"2018-02-09","L_135_24_24_R_27_360_360"
"p530",225,"2018-02-09","L_27_27_27_R_135_135_135"
"p736",225,"2018-02-09","L_25_25_25_R_225_225_225"
"p004",225,"2018-02-09","L_35_90_90_R_63_30_30"
"p138",225,"2018-02-09","L_35_225_225_R_63_25_25"
"p510",226,"2018-02-10","L_360_360_360_R_24_24_24"
"p054",226,"2018-02-10","L_24_360_360_R_360_24_24"
"p530",226,"2018-02-10","L_27_90_90_R_135_30_30"
"p736",226,"2018-02-10","L_25_25_25_R_225_225_225"
"p004",226,"2018-02-10","L_90_90_90_R_30_30_30"
"p138",226,"2018-02-10","L_225_24_24_R_25_360_360"
"p510",227,"2018-02-11","L_360_35_35_R_24_63_63"
"p054",227,"2018-02-11","L_360_24_24_R_24_360_360"
"p530",227,"2018-02-11","L_90_35_35_R_30_63_63"
"p736",227,"2018-02-11","L_25_25_25_R_225_225_225"
"p004",227,"2018-02-11","L_90_30_30_R_30_90_90"
"p138",227,"2018-02-11","L_24_90_90_R_360_30_30"
"p510",228,"2018-02-12","L_35_35_35_R_63_63_63"
"p054",228,"2018-02-12","L_24_63_63_R_360_35_35"
"p530",228,"2018-02-12","L_35_63_63_R_63_35_35"
"p736",228,"2018-02-12","L_25_25_25_R_225_225_225"
"p004",228,"2018-02-12","L_30_30_30_R_90_90_90"
"p138",228,"2018-02-12","L_90_90_90_R_30_30_30"
"p510",229,"2018-02-13","L_35_35_35_R_63_63_63"
"p054",229,"2018-02-13","L_63_27_27_R_35_135_135"
"p530",229,"2018-02-13","L_63_63_63_R_35_35_35"
"p736",229,"2018-02-13","L_25_25_25_R_225_225_225"
"p004",229,"2018-02-13","L_30_90_90_R_90_30_30"
"p138",229,"2018-02-13","L_90_27_27_R_30_135_135"
"p510",230,"2018-02-14","L_35_63_63_R_63_35_35"
"p054",230,"2018-02-14","L_27_27_27_R_135_135_135"
"p530",230,"2018-02-14","L_63_63_63_R_35_35_35"
"p736",230,"2018-02-14","L_25_25_25_R_225_225_225"
"p004",230,"2018-02-14","L_90_30_30_R_30_90_90"
"p138",230,"2018-02-14","L_27_27_27_R_135_135_135"
"p510",231,"2018-02-15","L_63_63_63_R_35_35_35"
"p054",231,"2018-02-15","L_27_27_27_R_135_135_135"
"p530",231,"2018-02-15","L_63_30_30_R_35_90_90"
"p736",231,"2018-02-15","L_25_225_225_R_225_25_25"
"p004",231,"2018-02-15","L_30_30_30_R_90_90_90"
"p138",231,"2018-02-15","L_27_63_63_R_135_35_35"
"p510",232,"2018-02-16","L_63_63_63_R_35_35_35"
"p054",232,"2018-02-16","L_27_27_27_R_135_135_135"
"p530",232,"2018-02-16","L_30_63_63_R_90_35_35"
"p736",232,"2018-02-16","L_225_225_225_R_25_25_25"
"p004",232,"2018-02-16","L_30_30_30_R_90_90_90"
"p138",232,"2018-02-16","L_63_27_27_R_35_135_135"
"p510",233,"2018-02-17","L_63_63_63_R_35_35_35"
"p054",233,"2018-02-17","L_27_27_27_R_135_135_135"
"p530",233,"2018-02-17","L_63_63_63_R_35_35_35"
"p736",233,"2018-02-17","L_225_225_225_R_25_25_25"
"p004",233,"2018-02-17","L_30_30_30_R_90_90_90"
"p138",233,"2018-02-17","L_27_27_27_R_135_135_135"
"p510",234,"2018-02-18","L_63_24_24_R_35_360_360"
"p054",234,"2018-02-18","L_27_90_90_R_135_30_30"
"p530",234,"2018-02-18","L_63_24_24_R_35_360_360"
"p736",234,"2018-02-18","L_225_225_225_R_25_25_25"
"p004",234,"2018-02-18","L_30_225_225_R_90_25_25"
"p138",234,"2018-02-18","L_27_27_27_R_135_135_135"
"p510",235,"2018-02-19","L_24_24_24_R_360_360_360"
"p054",235,"2018-02-19","L_90_90_90_R_30_30_30"
"p530",235,"2018-02-19","L_24_24_24_R_360_360_360"
"p736",235,"2018-02-19","L_225_225_225_R_25_25_25"
"p004",235,"2018-02-19","L_225_225_225_R_25_25_25"
"p138",235,"2018-02-19","L_27_27_27_R_135_135_135"
"p510",236,"2018-02-20","L_24_24_24_R_360_360_360"
"p054",236,"2018-02-20","L_90_30_30_R_30_90_90"
"p530",236,"2018-02-20","L_24_24_24_R_360_360_360"
"p736",236,"2018-02-20","L_225_225_225_R_25_25_25"
"p004",236,"2018-02-20","L_225_27_27_R_25_135_135"
"p138",236,"2018-02-20","L_27_27_27_R_135_135_135"
"p510",237,"2018-02-21","L_24_24_24_R_360_360_360"
"p054",237,"2018-02-21","L_30_30_30_R_90_90_90"
"p530",237,"2018-02-21","L_24_24_24_R_360_360_360"
"p736",237,"2018-02-21","L_225_25_25_R_25_225_225"
"p004",237,"2018-02-21","L_27_225_225_R_135_25_25"
"p138",237,"2018-02-21","L_27_90_90_R_135_30_30"
"p510",238,"2018-02-22","L_24_90_90_R_360_30_30"
"p054",238,"2018-02-22","L_30_30_30_R_90_90_90"
"p530",238,"2018-02-22","L_24_63_63_R_360_35_35"
"p736",238,"2018-02-22","L_25_25_25_R_225_225_225"
"p004",238,"2018-02-22","L_225_35_35_R_25_63_63"
"p138",238,"2018-02-22","L_90_90_90_R_30_30_30"
"p510",239,"2018-02-23","L_90_35_35_R_30_63_63"
"p054",239,"2018-02-23","L_30_30_30_R_90_90_90"
"p530",239,"2018-02-23","L_63_63_63_R_35_35_35"
"p736",239,"2018-02-23","L_25_25_25_R_225_225_225"
"p004",239,"2018-02-23","L_35_225_225_R_63_25_25"
"p138",239,"2018-02-23","L_90_90_90_R_30_30_30"
"p510",240,"2018-02-24","L_35_360_360_R_63_24_24"
"p054",240,"2018-02-24","L_30_360_360_R_90_24_24"
"p530",240,"2018-02-24","L_63_35_35_R_35_63_63"
"p736",240,"2018-02-24","L_25_25_25_R_225_225_225"
"p004",240,"2018-02-24","L_225_225_225_R_25_25_25"
"p138",240,"2018-02-24","L_90_27_27_R_30_135_135"
"p510",241,"2018-02-25","L_360_360_360_R_24_24_24"
"p054",241,"2018-02-25","L_360_25_25_R_24_225_225"
"p530",241,"2018-02-25","L_35_35_35_R_63_63_63"
"p736",241,"2018-02-25","L_25_90_90_R_225_30_30"
"p004",241,"2018-02-25","L_225_225_225_R_25_25_25"
"p138",241,"2018-02-25","L_27_27_27_R_135_135_135"
"p510",242,"2018-02-26","L_360_25_25_R_24_225_225"
"p054",242,"2018-02-26","L_25_135_135_R_225_27_27"
"p530",242,"2018-02-26","L_35_63_63_R_63_35_35"
"p736",242,"2018-02-26","L_90_27_27_R_30_135_135"
"p004",242,"2018-02-26","L_225_225_225_R_25_25_25"
"p138",242,"2018-02-26","L_27_27_27_R_135_135_135"
"p510",243,"2018-02-27","L_25_135_135_R_225_27_27"
"p054",243,"2018-02-27","L_135_135_135_R_27_27_27"
"p530",243,"2018-02-27","L_63_27_27_R_35_135_135"
"p736",243,"2018-02-27","L_27_360_360_R_135_24_24"
"p004",243,"2018-02-27","L_225_25_25_R_25_225_225"
"p138",243,"2018-02-27","L_27_360_360_R_135_24_24"
"p510",244,"2018-02-28","L_135_135_135_R_27_27_27"
"p054",244,"2018-02-28","L_135_27_27_R_27_135_135"
"p530",244,"2018-02-28","L_27_27_27_R_135_135_135"
"p736",244,"2018-02-28","L_360_35_35_R_24_63_63"
"p004",244,"2018-02-28","L_25_25_25_R_225_225_225"
"p138",244,"2018-02-28","L_360_27_27_R_24_135_135"
"p510",245,"2018-03-01","L_135_135_135_R_27_27_27"
"p054",245,"2018-03-01","L_27_360_360_R_135_24_24"
"p530",245,"2018-03-01","L_27_360_360_R_135_24_24"
"p736",245,"2018-03-01","L_35_35_35_R_63_63_63"
"p004",245,"2018-03-01","L_25_25_25_R_225_225_225"
"p138",245,"2018-03-01","L_27_90_90_R_135_30_30"
"p510",246,"2018-03-02","L_135_135_135_R_27_27_27"
"p054",246,"2018-03-02","L_360_35_35_R_24_63_63"
"p530",246,"2018-03-02","L_360_30_30_R_24_90_90"
"p736",246,"2018-03-02","L_35_63_63_R_63_35_35"
"p004",246,"2018-03-02","L_25_25_25_R_225_225_225"
"p138",246,"2018-03-02","L_90_90_90_R_30_30_30"
"p510",247,"2018-03-03","L_135_27_27_R_27_135_135"
"p054",247,"2018-03-03","L_35_225_225_R_63_25_25"
"p530",247,"2018-03-03","L_30_30_30_R_90_90_90"
"p736",247,"2018-03-03","L_63_63_63_R_35_35_35"
"p004",247,"2018-03-03","L_25_25_25_R_225_225_225"
"p138",247,"2018-03-03","L_90_35_35_R_30_63_63"
"p510",248,"2018-03-04","L_27_90_90_R_135_30_30"
"p054",248,"2018-03-04","L_225_225_225_R_25_25_25"
"p530",248,"2018-03-04","L_30_225_225_R_90_25_25"
"p736",248,"2018-03-04","L_63_63_63_R_35_35_35"
"p004",248,"2018-03-04","L_25_360_360_R_225_24_24"
"p138",248,"2018-03-04","L_35_135_135_R_63_27_27"
"p510",249,"2018-03-05","L_90_35_35_R_30_63_63"
"p054",249,"2018-03-05","L_225_225_225_R_25_25_25"
"p530",249,"2018-03-05","L_225_27_27_R_25_135_135"
"p736",249,"2018-03-05","L_63_63_63_R_35_35_35"
"p004",249,"2018-03-05","L_360_24_24_R_24_360_360"
"p138",249,"2018-03-05","L_135_30_30_R_27_90_90"
"p510",250,"2018-03-06","L_35_35_35_R_63_63_63"
"p054",250,"2018-03-06","L_225_225_225_R_25_25_25"
"p530",250,"2018-03-06","L_27_27_27_R_135_135_135"
"p736",250,"2018-03-06","L_63_30_30_R_35_90_90"
"p004",250,"2018-03-06","L_24_24_24_R_360_360_360"
"p138",250,"2018-03-06","L_30_135_135_R_90_27_27"
"p510",251,"2018-03-07","L_35_35_35_R_63_63_63"
"p054",251,"2018-03-07","L_225_30_30_R_25_90_90"
"p530",251,"2018-03-07","L_27_27_27_R_135_135_135"
"p736",251,"2018-03-07","L_30_360_360_R_90_24_24"
"p004",251,"2018-03-07","L_24_24_24_R_360_360_360"
"p138",251,"2018-03-07","L_135_35_35_R_27_63_63"
"p510",252,"2018-03-08","L_35_35_35_R_63_63_63"
"p054",252,"2018-03-08","L_30_225_225_R_90_25_25"
"p530",252,"2018-03-08","L_27_27_27_R_135_135_135"
"p736",252,"2018-03-08","L_360_360_360_R_24_24_24"
"p004",252,"2018-03-08","L_24_63_63_R_360_35_35"
"p138",252,"2018-03-08","L_35_35_35_R_63_63_63"
"p510",253,"2018-03-09","L_35_63_63_R_63_35_35"
"p054",253,"2018-03-09","L_225_25_25_R_25_225_225"
"p530",253,"2018-03-09","L_27_27_27_R_135_135_135"
"p736",253,"2018-03-09","L_360_30_30_R_24_90_90"
"p004",253,"2018-03-09","L_63_63_63_R_35_35_35"
"p138",253,"2018-03-09","L_35_35_35_R_63_63_63"
"p510",254,"2018-03-10","L_63_63_63_R_35_35_35"
"p054",254,"2018-03-10","L_25_63_63_R_225_35_35"
"p530",254,"2018-03-10","L_27_360_360_R_135_24_24"
"p736",254,"2018-03-10","L_30_360_360_R_90_24_24"
"p004",254,"2018-03-10","L_63_63_63_R_35_35_35"
"p138",254,"2018-03-10","L_35_35_35_R_63_63_63"
"p510",255,"2018-03-11","L_63_27_27_R_35_135_135"
"p054",255,"2018-03-11","L_63_63_63_R_35_35_35"
"p530",255,"2018-03-11","L_360_360_360_R_24_24_24"
"p736",255,"2018-03-11","L_360_24_24_R_24_360_360"
"p004",255,"2018-03-11","L_63_35_35_R_35_63_63"
"p138",255,"2018-03-11","L_35_360_360_R_63_24_24"
"p510",256,"2018-03-12","L_27_27_27_R_135_135_135"
"p054",256,"2018-03-12","L_63_63_63_R_35_35_35"
"p530",256,"2018-03-12","L_360_360_360_R_24_24_24"
"p736",256,"2018-03-12","L_24_24_24_R_360_360_360"
"p004",256,"2018-03-12","L_35_225_225_R_63_25_25"
"p138",256,"2018-03-12","L_360_27_27_R_24_135_135"
"p510",257,"2018-03-13","L_27_63_63_R_135_35_35"
"p054",257,"2018-03-13","L_63_63_63_R_35_35_35"
"p530",257,"2018-03-13","L_360_27_27_R_24_135_135"
"p736",257,"2018-03-13","L_24_24_24_R_360_360_360"
"p004",257,"2018-03-13","L_225_225_225_R_25_25_25"
"p138",257,"2018-03-13","L_27_90_90_R_135_30_30"
"p510",258,"2018-03-14","L_63_63_63_R_35_35_35"
"p054",258,"2018-03-14","L_63_27_27_R_35_135_135"
"p530",258,"2018-03-14","L_27_27_27_R_135_135_135"
"p736",258,"2018-03-14","L_24_24_24_R_360_360_360"
"p004",258,"2018-03-14","L_225_27_27_R_25_135_135"
"p138",258,"2018-03-14","L_90_30_30_R_30_90_90"
"p510",259,"2018-03-15","L_63_63_63_R_35_35_35"
"p054",259,"2018-03-15","L_27_360_360_R_135_24_24"
"p530",259,"2018-03-15","L_27_27_27_R_135_135_135"
"p736",259,"2018-03-15","L_24_63_63_R_360_35_35"
"p004",259,"2018-03-15","L_27_27_27_R_135_135_135"
"p138",259,"2018-03-15","L_30_225_225_R_90_25_25"
"p510",260,"2018-03-16","L_63_63_63_R_35_35_35"
"p054",260,"2018-03-16","L_360_24_24_R_24_360_360"
"p530",260,"2018-03-16","L_27_135_135_R_135_27_27"
"p736",260,"2018-03-16","L_63_24_24_R_35_360_360"
"p004",260,"2018-03-16","L_27_27_27_R_135_135_135"
"p138",260,"2018-03-16","L_225_225_225_R_25_25_25"
"p510",261,"2018-03-17","L_63_30_30_R_35_90_90"
"p054",261,"2018-03-17","L_24_360_360_R_360_24_24"
"p530",261,"2018-03-17","L_135_25_25_R_27_225_225"
"p736",261,"2018-03-17","L_24_63_63_R_360_35_35"
"p004",261,"2018-03-17","L_27_27_27_R_135_135_135"
"p138",261,"2018-03-17","L_225_30_30_R_25_90_90"
"p510",262,"2018-03-18","L_30_30_30_R_90_90_90"
"p054",262,"2018-03-18","L_360_24_24_R_24_360_360"
"p530",262,"2018-03-18","L_25_25_25_R_225_225_225"
"p736",262,"2018-03-18","L_63_24_24_R_35_360_360"
"p004",262,"2018-03-18","L_27_63_63_R_135_35_35"
"p138",262,"2018-03-18","L_30_135_135_R_90_27_27"
"p510",263,"2018-03-19","L_30_63_63_R_90_35_35"
"p054",263,"2018-03-19","L_24_24_24_R_360_360_360"
"p530",263,"2018-03-19","L_25_225_225_R_225_25_25"
"p736",263,"2018-03-19","L_24_24_24_R_360_360_360"
"p004",263,"2018-03-19","L_63_63_63_R_35_35_35"
"p138",263,"2018-03-19","L_135_25_25_R_27_225_225"
"p510",264,"2018-03-20","L_63_63_63_R_35_35_35"
"p054",264,"2018-03-20","L_24_225_225_R_360_25_25"
"p530",264,"2018-03-20","L_225_225_225_R_25_25_25"
"p736",264,"2018-03-20","L_24_24_24_R_360_360_360"
"p004",264,"2018-03-20","L_63_30_30_R_35_90_90"
"p138",264,"2018-03-20","L_25_360_360_R_225_24_24"
"p510",265,"2018-03-21","L_63_24_24_R_35_360_360"
"p054",265,"2018-03-21","L_225_30_30_R_25_90_90"
"p530",265,"2018-03-21","L_225_225_225_R_25_25_25"
"p736",265,"2018-03-21","L_24_63_63_R_360_35_35"
"p004",265,"2018-03-21","L_30_90_90_R_90_30_30"
"p138",265,"2018-03-21","L_360_360_360_R_24_24_24"
"p510",266,"2018-03-22","L_24_63_63_R_360_35_35"
"p054",266,"2018-03-22","L_30_360_360_R_90_24_24"
"p530",266,"2018-03-22","L_225_225_225_R_25_25_25"
"p736",266,"2018-03-22","L_63_63_63_R_35_35_35"
"p004",266,"2018-03-22","L_90_90_90_R_30_30_30"
"p138",266,"2018-03-22","L_360_35_35_R_24_63_63"
"p510",267,"2018-03-23","L_63_30_30_R_35_90_90"
"p054",267,"2018-03-23","L_360_360_360_R_24_24_24"
"p530",267,"2018-03-23","L_225_225_225_R_25_25_25"
"p736",267,"2018-03-23","L_63_30_30_R_35_90_90"
"p004",267,"2018-03-23","L_90_25_25_R_30_225_225"
"p138",267,"2018-03-23","L_35_35_35_R_63_63_63"
"p510",268,"2018-03-24","L_30_30_30_R_90_90_90"
"p054",268,"2018-03-24","L_360_360_360_R_24_24_24"
"p530",268,"2018-03-24","L_225_225_225_R_25_25_25"
"p736",268,"2018-03-24","L_30_30_30_R_90_90_90"
"p004",268,"2018-03-24","L_25_25_25_R_225_225_225"
"p138",268,"2018-03-24","L_35_63_63_R_63_35_35"
"p510",269,"2018-03-25","L_30_135_135_R_90_27_27"
"p054",269,"2018-03-25","L_360_25_25_R_24_225_225"
"p530",269,"2018-03-25","L_225_25_25_R_25_225_225"
"p736",269,"2018-03-25","L_30_63_63_R_90_35_35"
"p004",269,"2018-03-25","L_25_25_25_R_225_225_225"
"p138",269,"2018-03-25","L_63_63_63_R_35_35_35"
"p510",270,"2018-03-26","L_135_35_35_R_27_63_63"
"p054",270,"2018-03-26","L_25_360_360_R_225_24_24"
"p530",270,"2018-03-26","L_25_135_135_R_225_27_27"
"p736",270,"2018-03-26","L_63_63_63_R_35_35_35"
"p004",270,"2018-03-26","L_25_25_25_R_225_225_225"
"p138",270,"2018-03-26","L_63_63_63_R_35_35_35"
"p510",271,"2018-03-27","L_35_90_90_R_63_30_30"
"p054",271,"2018-03-27","L_360_25_25_R_24_225_225"
"p530",271,"2018-03-27","L_135_135_135_R_27_27_27"
"p736",271,"2018-03-27","L_63_25_25_R_35_225_225"
"p004",271,"2018-03-27","L_25_25_25_R_225_225_225"
"p138",271,"2018-03-27","L_63_24_24_R_35_360_360"
"p510",272,"2018-03-28","L_90_30_30_R_30_90_90"
"p054",272,"2018-03-28","L_25_90_90_R_225_30_30"
"p530",272,"2018-03-28","L_135_27_27_R_27_135_135"
"p736",272,"2018-03-28","L_25_135_135_R_225_27_27"
"p004",272,"2018-03-28","L_25_135_135_R_225_27_27"
"p138",272,"2018-03-28","L_24_63_63_R_360_35_35"
"p510",273,"2018-03-29","L_30_30_30_R_90_90_90"
"p054",273,"2018-03-29","L_90_30_30_R_30_90_90"
"p530",273,"2018-03-29","L_27_27_27_R_135_135_135"
"p736",273,"2018-03-29","L_135_135_135_R_27_27_27"
"p004",273,"2018-03-29","L_135_135_135_R_27_27_27"
"p138",273,"2018-03-29","L_63_35_35_R_35_63_63"
"p510",274,"2018-03-30","L_30_30_30_R_90_90_90"
"p054",274,"2018-03-30","L_30_30_30_R_90_90_90"
"p530",274,"2018-03-30","L_27_27_27_R_135_135_135"
"p736",274,"2018-03-30","L_135_135_135_R_27_27_27"
"p004",274,"2018-03-30","L_135_135_135_R_27_27_27"
"p138",274,"2018-03-30","L_35_135_135_R_63_27_27"
"p510",275,"2018-03-31","L_30_30_30_R_90_90_90"
"p054",275,"2018-03-31","L_30_30_30_R_90_90_90"
"p530",275,"2018-03-31","L_27_63_63_R_135_35_35"
"p736",275,"2018-03-31","L_135_135_135_R_27_27_27"
"p004",275,"2018-03-31","L_135_24_24_R_27_360_360"
"p138",275,"2018-03-31","L_135_135_135_R_27_27_27"
"p510",276,"2018-04-01","L_30_360_360_R_90_24_24"
"p054",276,"2018-04-01","L_30_90_90_R_90_30_30"
"p530",276,"2018-04-01","L_63_63_63_R_35_35_35"
"p736",276,"2018-04-01","L_135_27_27_R_27_135_135"
"p004",276,"2018-04-01","L_24_24_24_R_360_360_360"
"p138",276,"2018-04-01","L_135_35_35_R_27_63_63"
"p510",277,"2018-04-02","L_360_35_35_R_24_63_63"
"p054",277,"2018-04-02","L_90_27_27_R_30_135_135"
"p530",277,"2018-04-02","L_63_30_30_R_35_90_90"
"p736",277,"2018-04-02","L_27_27_27_R_135_135_135"
"p004",277,"2018-04-02","L_24_63_63_R_360_35_35"
"p138",277,"2018-04-02","L_35_135_135_R_63_27_27"
"p510",278,"2018-04-03","L_35_35_35_R_63_63_63"
"p054",278,"2018-04-03","L_27_135_135_R_135_27_27"
"p530",278,"2018-04-03","L_30_135_135_R_90_27_27"
"p736",278,"2018-04-03","L_27_27_27_R_135_135_135"
"p004",278,"2018-04-03","L_63_63_63_R_35_35_35"
"p138",278,"2018-04-03","L_135_135_135_R_27_27_27"
"p510",279,"2018-04-04","L_35_35_35_R_63_63_63"
"p054",279,"2018-04-04","L_135_135_135_R_27_27_27"
"p530",279,"2018-04-04","L_135_135_135_R_27_27_27"
"p736",279,"2018-04-04","L_27_27_27_R_135_135_135"
"p004",279,"2018-04-04","L_63_24_24_R_35_360_360"
"p138",279,"2018-04-04","L_135_24_24_R_27_360_360"
"p510",280,"2018-04-05","L_35_35_35_R_63_63_63"
"p054",280,"2018-04-05","L_135_35_35_R_27_63_63"
"p530",280,"2018-04-05","L_135_135_135_R_27_27_27"
"p736",280,"2018-04-05","L_27_135_135_R_135_27_27"
"p004",280,"2018-04-05","L_24_24_24_R_360_360_360"
"p138",280,"2018-04-05","L_24_225_225_R_360_25_25"
"p510",281,"2018-04-06","L_35_35_35_R_63_63_63"
"p054",281,"2018-04-06","L_35_225_225_R_63_25_25"
"p530",281,"2018-04-06","L_135_135_135_R_27_27_27"
"p736",281,"2018-04-06","L_135_35_35_R_27_63_63"
"p004",281,"2018-04-06","L_24_135_135_R_360_27_27"
"p138",281,"2018-04-06","L_225_225_225_R_25_25_25"
"p510",282,"2018-04-07","L_35_35_35_R_63_63_63"
"p054",282,"2018-04-07","L_225_24_24_R_25_360_360"
"p530",282,"2018-04-07","L_135_30_30_R_27_90_90"
"p736",282,"2018-04-07","L_35_63_63_R_63_35_35"
"p004",282,"2018-04-07","L_135_135_135_R_27_27_27"
"p138",282,"2018-04-07","L_225_27_27_R_25_135_135"
"p510",283,"2018-04-08","L_35_360_360_R_63_24_24"
"p054",283,"2018-04-08","L_24_135_135_R_360_27_27"
"p530",283,"2018-04-08","L_30_30_30_R_90_90_90"
"p736",283,"2018-04-08","L_63_30_30_R_35_90_90"
"p004",283,"2018-04-08","L_135_135_135_R_27_27_27"
"p138",283,"2018-04-08","L_27_27_27_R_135_135_135"
"p510",284,"2018-04-09","L_360_24_24_R_24_360_360"
"p054",284,"2018-04-09","L_135_135_135_R_27_27_27"
"p530",284,"2018-04-09","L_30_360_360_R_90_24_24"
"p736",284,"2018-04-09","L_30_30_30_R_90_90_90"
"p004",284,"2018-04-09","L_135_25_25_R_27_225_225"
"p138",284,"2018-04-09","L_27_360_360_R_135_24_24"
"p510",285,"2018-04-10","L_24_225_225_R_360_25_25"
"p054",285,"2018-04-10","L_135_135_135_R_27_27_27"
"p530",285,"2018-04-10","L_360_360_360_R_24_24_24"
"p736",285,"2018-04-10","L_30_360_360_R_90_24_24"
"p004",285,"2018-04-10","L_25_360_360_R_225_24_24"
"p138",285,"2018-04-10","L_360_360_360_R_24_24_24"
"p510",286,"2018-04-11","L_225_27_27_R_25_135_135"
"p054",286,"2018-04-11","L_135_135_135_R_27_27_27"
"p530",286,"2018-04-11","L_360_25_25_R_24_225_225"
"p736",286,"2018-04-11","L_360_25_25_R_24_225_225"
"p004",286,"2018-04-11","L_360_35_35_R_24_63_63"
"p138",286,"2018-04-11","L_360_360_360_R_24_24_24"
"p510",287,"2018-04-12","L_27_27_27_R_135_135_135"
"p054",287,"2018-04-12","L_135_135_135_R_27_27_27"
"p530",287,"2018-04-12","L_25_63_63_R_225_35_35"
"p736",287,"2018-04-12","L_25_63_63_R_225_35_35"
"p004",287,"2018-04-12","L_35_135_135_R_63_27_27"
"p138",287,"2018-04-12","L_360_360_360_R_24_24_24"
"p510",288,"2018-04-13","L_27_360_360_R_135_24_24"
"p054",288,"2018-04-13","L_135_25_25_R_27_225_225"
"p530",288,"2018-04-13","L_63_63_63_R_35_35_35"
"p736",288,"2018-04-13","L_63_63_63_R_35_35_35"
"p004",288,"2018-04-13","L_135_135_135_R_27_27_27"
"p138",288,"2018-04-13","L_360_27_27_R_24_135_135"
"p510",289,"2018-04-14","L_360_30_30_R_24_90_90"
"p054",289,"2018-04-14","L_25_25_25_R_225_225_225"
"p530",289,"2018-04-14","L_63_63_63_R_35_35_35"
"p736",289,"2018-04-14","L_63_35_35_R_35_63_63"
"p004",289,"2018-04-14","L_135_135_135_R_27_27_27"
"p138",289,"2018-04-14","L_27_135_135_R_135_27_27"
"p510",290,"2018-04-15","L_30_30_30_R_90_90_90"
"p054",290,"2018-04-15","L_25_25_25_R_225_225_225"
"p530",290,"2018-04-15","L_63_63_63_R_35_35_35"
"p736",290,"2018-04-15","L_35_135_135_R_63_27_27"
"p004",290,"2018-04-15","L_135_30_30_R_27_90_90"
"p138",290,"2018-04-15","L_135_135_135_R_27_27_27"
"p510",291,"2018-04-16","L_30_225_225_R_90_25_25"
"p054",291,"2018-04-16","L_25_25_25_R_225_225_225"
"p530",291,"2018-04-16","L_63_24_24_R_35_360_360"
"p736",291,"2018-04-16","L_135_25_25_R_27_225_225"
"p004",291,"2018-04-16","L_30_225_225_R_90_25_25"
"p138",291,"2018-04-16","L_135_24_24_R_27_360_360"
"p510",292,"2018-04-17","L_225_225_225_R_25_25_25"
"p054",292,"2018-04-17","L_25_135_135_R_225_27_27"
"p530",292,"2018-04-17","L_24_24_24_R_360_360_360"
"p736",292,"2018-04-17","L_25_25_25_R_225_225_225"
"p004",292,"2018-04-17","L_225_25_25_R_25_225_225"
"p138",292,"2018-04-17","L_24_24_24_R_360_360_360"
"p510",293,"2018-04-18","L_225_25_25_R_25_225_225"
"p054",293,"2018-04-18","L_135_135_135_R_27_27_27"
"p530",293,"2018-04-18","L_24_135_135_R_360_27_27"
"p736",293,"2018-04-18","L_25_135_135_R_225_27_27"
"p004",293,"2018-04-18","L_25_25_25_R_225_225_225"
"p138",293,"2018-04-18","L_24_24_24_R_360_360_360"
"p510",294,"2018-04-19","L_25_360_360_R_225_24_24"
"p054",294,"2018-04-19","L_135_135_135_R_27_27_27"
"p530",294,"2018-04-19","L_135_24_24_R_27_360_360"
"p736",294,"2018-04-19","L_135_135_135_R_27_27_27"
"p004",294,"2018-04-19","L_25_25_25_R_225_225_225"
"p138",294,"2018-04-19","L_24_24_24_R_360_360_360"
"p510",295,"2018-04-20","L_360_24_24_R_24_360_360"
"p054",295,"2018-04-20","L_135_35_35_R_27_63_63"
"p530",295,"2018-04-20","L_24_90_90_R_360_30_30"
"p736",295,"2018-04-20","L_135_135_135_R_27_27_27"
"p004",295,"2018-04-20","L_25_25_25_R_225_225_225"
"p138",295,"2018-04-20","L_24_24_24_R_360_360_360"
"p510",296,"2018-04-21","L_24_24_24_R_360_360_360"
"p054",296,"2018-04-21","L_35_35_35_R_63_63_63"
"p530",296,"2018-04-21","L_90_90_90_R_30_30_30"
"p736",296,"2018-04-21","L_135_135_135_R_27_27_27"
"p004",296,"2018-04-21","L_25_25_25_R_225_225_225"
"p138",296,"2018-04-21","L_24_24_24_R_360_360_360"
"p510",297,"2018-04-22","L_24_24_24_R_360_360_360"
"p054",297,"2018-04-22","L_35_360_360_R_63_24_24"
"p530",297,"2018-04-22","L_90_27_27_R_30_135_135"
"p736",297,"2018-04-22","L_135_135_135_R_27_27_27"
"p004",297,"2018-04-22","L_25_25_25_R_225_225_225"
"p138",297,"2018-04-22","L_24_63_63_R_360_35_35"
"p510",298,"2018-04-23","L_24_24_24_R_360_360_360"
"p054",298,"2018-04-23","L_360_360_360_R_24_24_24"
"p530",298,"2018-04-23","L_27_27_27_R_135_135_135"
"p736",298,"2018-04-23","L_135_30_30_R_27_90_90"
"p004",298,"2018-04-23","L_25_25_25_R_225_225_225"
"p138",298,"2018-04-23","L_63_27_27_R_35_135_135"
"p510",299,"2018-04-24","L_24_63_63_R_360_35_35"
"p054",299,"2018-04-24","L_360_360_360_R_24_24_24"
"p530",299,"2018-04-24","L_27_90_90_R_135_30_30"
"p736",299,"2018-04-24","L_30_90_90_R_90_30_30"
"p004",299,"2018-04-24","L_25_225_225_R_225_25_25"
"p138",299,"2018-04-24","L_27_27_27_R_135_135_135"
"p510",300,"2018-04-25","L_63_24_24_R_35_360_360"
"p054",300,"2018-04-25","L_360_360_360_R_24_24_24"
"p530",300,"2018-04-25","L_90_90_90_R_30_30_30"
"p736",300,"2018-04-25","L_90_90_90_R_30_30_30"
"p004",300,"2018-04-25","L_225_24_24_R_25_360_360"
"p138",300,"2018-04-25","L_27_135_135_R_135_27_27"
